#
# There is insufficient memory for the Java Runtime Environment to continue.
# Native memory allocation (mmap) failed to map 65536 bytes. Error detail: Failed to commit metaspace.
# Possible reasons:
#   The system is out of physical RAM or swap space
#   This process is running with CompressedOops enabled, and the Java Heap may be blocking the growth of the native heap
# Possible solutions:
#   Reduce memory load on the system
#   Increase physical memory or swap space
#   Check if swap backing store is full
#   Decrease Java heap size (-Xmx/-Xms)
#   Decrease Java thread stack sizes (-Xss)
#   Set larger code cache with -XX:ReservedCodeCacheSize=
#   JVM is running with Unscaled Compressed Oops mode in which the Java heap is
#     placed in the first 4GB address space. The Java Heap base address is the
#     maximum limit for the native heap growth. Please use -XX:HeapBaseMinAddress
#     to set the Java Heap base and to place the Java Heap above 4GB virtual address.
# This output file may be truncated or incomplete.
#
#  Out of Memory Error (virtualSpaceNode.cpp:113), pid=16648, tid=11408
#
# JRE version: OpenJDK Runtime Environment Temurin-21.0.10+7 (21.0.10+7) (build 21.0.10+7-LTS)
# Java VM: OpenJDK 64-Bit Server VM Temurin-21.0.10+7 (21.0.10+7-LTS, mixed mode, sharing, tiered, compressed oops, compressed class ptrs, parallel gc, windows-amd64)
# No core dump will be written. Minidumps are not enabled by default on client versions of Windows
#

---------------  S U M M A R Y ------------

Command Line: --add-modules=ALL-SYSTEM --add-opens=java.base/java.util=ALL-UNNAMED --add-opens=java.base/java.lang=ALL-UNNAMED --add-opens=java.base/sun.nio.fs=ALL-UNNAMED -Declipse.application=org.eclipse.jdt.ls.core.id1 -Dosgi.bundles.defaultStartLevel=4 -Declipse.product=org.eclipse.jdt.ls.core.product -Djava.import.generatesMetadataFilesAtProjectRoot=false -DDetectVMInstallationsJob.disabled=true -Dfile.encoding=utf8 -XX:+UseParallelGC -XX:GCTimeRatio=4 -XX:AdaptiveSizePolicyWeight=90 -Dsun.zip.disableMemoryMapping=true -Xmx2G -Xms100m -Xlog:disable -javaagent:c:\Users\cynth\.vscode\extensions\redhat.java-1.54.0-win32-x64\lombok\lombok-1.18.39-4050.jar -XX:+HeapDumpOnOutOfMemoryError -XX:HeapDumpPath=c:\Users\cynth\AppData\Roaming\Code\User\workspaceStorage\5601eb04a4fbb64c5ad333d9bd3e07ef\redhat.java -Daether.dependencyCollector.impl=bf c:\Users\cynth\.vscode\extensions\redhat.java-1.54.0-win32-x64\server\plugins\org.eclipse.equinox.launcher_1.7.100.v20251111-0406.jar -configuration c:\Users\cynth\AppData\Roaming\Code\User\globalStorage\redhat.java\1.54.0\config_win -data c:\Users\cynth\AppData\Roaming\Code\User\workspaceStorage\5601eb04a4fbb64c5ad333d9bd3e07ef\redhat.java\jdt_ws --pipe=\\.\pipe\lsp-9a011512c2b0c12b65cc6b8b5e0c2acf-sock

Host: Intel(R) Pentium(R) Silver N5030 CPU @ 1.10GHz, 4 cores, 3G,  Windows 11 , 64 bit Build 22000 (10.0.22000.2538)
Time: Mon Jun  1 20:38:29 2026 Mountain Daylight Time elapsed time: 4.541133 seconds (0d 0h 0m 4s)

---------------  T H R E A D  ---------------

Current thread (0x000001ccdc46f060):  JavaThread "main"             [_thread_in_vm, id=11408, stack(0x00000067d2c00000,0x00000067d2d00000) (1024K)]

Stack: [0x00000067d2c00000,0x00000067d2d00000]
Native frames: (J=compiled Java code, j=interpreted, Vv=VM code, C=native code)
V  [jvm.dll+0x6d7a39]
V  [jvm.dll+0x8b4b26]
V  [jvm.dll+0x8b70de]
V  [jvm.dll+0x8b77c3]
V  [jvm.dll+0x284346]
V  [jvm.dll+0x8b086e]
V  [jvm.dll+0x679444]
V  [jvm.dll+0x1e82bb]
V  [jvm.dll+0x1e807e]
V  [jvm.dll+0x67bd42]
V  [jvm.dll+0x67bb72]
V  [jvm.dll+0x679e1e]
V  [jvm.dll+0x26e1f0]
V  [jvm.dll+0x684085]
V  [jvm.dll+0x21955e]
V  [jvm.dll+0x219a05]
V  [jvm.dll+0x21a3f8]
V  [jvm.dll+0x20f62e]
V  [jvm.dll+0x5b644f]
V  [jvm.dll+0x82ead6]
V  [jvm.dll+0x478db8]
V  [jvm.dll+0x47ebe8]
C  [java.dll+0x17ec]

Java frames: (J=compiled Java code, j=interpreted, Vv=VM code)
J 1124  java.lang.ClassLoader.defineClass1(Ljava/lang/ClassLoader;Ljava/lang/String;[BIILjava/security/ProtectionDomain;Ljava/lang/String;)Ljava/lang/Class; java.base@21.0.10 (0 bytes) @ 0x000001cce71c2c11 [0x000001cce71c2b40+0x00000000000000d1]
j  java.lang.ClassLoader.defineClass(Ljava/lang/String;[BIILjava/security/ProtectionDomain;)Ljava/lang/Class;+27 java.base@21.0.10
j  java.security.SecureClassLoader.defineClass(Ljava/lang/String;[BIILjava/security/CodeSource;)Ljava/lang/Class;+12 java.base@21.0.10
J 1639 c1 java.net.URLClassLoader.defineClass(Ljava/lang/String;Ljdk/internal/loader/Resource;)Ljava/lang/Class; java.base@21.0.10 (224 bytes) @ 0x000001ccdf94db9c [0x000001ccdf94c400+0x000000000000179c]
j  java.net.URLClassLoader$1.run()Ljava/lang/Class;+43 java.base@21.0.10
J 1636 c1 java.net.URLClassLoader$1.run()Ljava/lang/Object; java.base@21.0.10 (5 bytes) @ 0x000001ccdf94bd54 [0x000001ccdf94bcc0+0x0000000000000094]
J 1606 c1 java.security.AccessController.doPrivileged(Ljava/security/PrivilegedExceptionAction;Ljava/security/AccessControlContext;)Ljava/lang/Object; java.base@21.0.10 (26 bytes) @ 0x000001ccdf94208c [0x000001ccdf941ea0+0x00000000000001ec]
J 1634 c1 java.net.URLClassLoader.findClass(Ljava/lang/String;)Ljava/lang/Class; java.base@21.0.10 (47 bytes) @ 0x000001ccdf94b004 [0x000001ccdf94ae80+0x0000000000000184]
J 1662 c1 java.lang.ClassLoader.loadClass(Ljava/lang/String;Z)Ljava/lang/Class; java.base@21.0.10 (121 bytes) @ 0x000001ccdf958eac [0x000001ccdf9588e0+0x00000000000005cc]
J 1016 c1 java.lang.ClassLoader.loadClass(Ljava/lang/String;)Ljava/lang/Class; java.base@21.0.10 (7 bytes) @ 0x000001ccdf815854 [0x000001ccdf815740+0x0000000000000114]
v  ~StubRoutines::call_stub 0x000001cce6bb1015
j  org.eclipse.osgi.internal.framework.SystemBundleActivator.start(Lorg/osgi/framework/BundleContext;)V+218
j  org.eclipse.osgi.internal.framework.BundleContextImpl$2.run()Ljava/lang/Void;+23
j  org.eclipse.osgi.internal.framework.BundleContextImpl$2.run()Ljava/lang/Object;+1
J 1157 c1 java.security.AccessController.executePrivileged(Ljava/security/PrivilegedExceptionAction;Ljava/security/AccessControlContext;Ljava/lang/Class;)Ljava/lang/Object; java.base@21.0.10 (65 bytes) @ 0x000001ccdf85a5c4 [0x000001ccdf85a460+0x0000000000000164]
j  java.security.AccessController.doPrivileged(Ljava/security/PrivilegedExceptionAction;)Ljava/lang/Object;+9 java.base@21.0.10
j  org.eclipse.osgi.internal.framework.BundleContextImpl.startActivator(Lorg/osgi/framework/BundleActivator;)V+9
j  org.eclipse.osgi.internal.framework.BundleContextImpl.start()V+141
j  org.eclipse.osgi.internal.framework.EquinoxBundle.startWorker0()V+35
j  org.eclipse.osgi.internal.framework.EquinoxBundle$SystemBundle$EquinoxSystemModule.initWorker()V+60
j  org.eclipse.osgi.container.SystemModule.init()V+333
j  org.eclipse.osgi.internal.framework.EquinoxBundle$SystemBundle.init([Lorg/osgi/framework/FrameworkListener;)V+83
j  org.eclipse.osgi.internal.framework.EquinoxBundle$SystemBundle.init()V+2
j  org.eclipse.osgi.launch.Equinox.init()V+4
j  org.eclipse.core.runtime.adaptor.EclipseStarter.startup([Ljava/lang/String;Ljava/lang/Runnable;)Lorg/osgi/framework/BundleContext;+37
j  org.eclipse.core.runtime.adaptor.EclipseStarter.run([Ljava/lang/String;Ljava/lang/Runnable;)Ljava/lang/Object;+21
j  java.lang.invoke.DirectMethodHandle$Holder.invokeStatic(Ljava/lang/Object;Ljava/lang/Object;Ljava/lang/Object;)Ljava/lang/Object;+11 java.base@21.0.10
j  java.lang.invoke.LambdaForm$MH+0x000001cc8108a800.invoke(Ljava/lang/Object;Ljava/lang/Object;Ljava/lang/Object;Ljava/lang/Object;)Ljava/lang/Object;+54 java.base@21.0.10
j  java.lang.invoke.LambdaForm$MH+0x000001cc81002c00.invokeExact_MT(Ljava/lang/Object;Ljava/lang/Object;Ljava/lang/Object;Ljava/lang/Object;Ljava/lang/Object;)Ljava/lang/Object;+22 java.base@21.0.10
j  jdk.internal.reflect.DirectMethodHandleAccessor.invokeImpl(Ljava/lang/Object;[Ljava/lang/Object;)Ljava/lang/Object;+72 java.base@21.0.10
j  jdk.internal.reflect.DirectMethodHandleAccessor.invoke(Ljava/lang/Object;[Ljava/lang/Object;)Ljava/lang/Object;+23 java.base@21.0.10
j  java.lang.reflect.Method.invoke(Ljava/lang/Object;[Ljava/lang/Object;)Ljava/lang/Object;+102 java.base@21.0.10
j  org.eclipse.equinox.launcher.Main.invokeFramework([Ljava/lang/String;[Ljava/net/URL;)V+155
j  org.eclipse.equinox.launcher.Main.basicRun([Ljava/lang/String;)V+191
j  org.eclipse.equinox.launcher.Main.run([Ljava/lang/String;)I+4
j  org.eclipse.equinox.launcher.Main.main([Ljava/lang/String;)V+10
v  ~StubRoutines::call_stub 0x000001cce6bb1015

Compiled method (n/a) 5488 1124     n 0       java.lang.ClassLoader::defineClass1 (native)
 total in heap  [0x000001cce71c2990,0x000001cce71c2e08] = 1144
 relocation     [0x000001cce71c2af0,0x000001cce71c2b28] = 56
 main code      [0x000001cce71c2b40,0x000001cce71c2e07] = 711
 stub code      [0x000001cce71c2e07,0x000001cce71c2e08] = 1

[Constant Pool (empty)]

[MachCode]
[Entry Point]
  # {method} {0x000001cc80434f58} 'defineClass1' '(Ljava/lang/ClassLoader;Ljava/lang/String;[BIILjava/security/ProtectionDomain;Ljava/lang/String;)Ljava/lang/Class;' in 'java/lang/ClassLoader'
  # parm0:    rdx:rdx   = 'java/lang/ClassLoader'
  # parm1:    r8:r8     = 'java/lang/String'
  # parm2:    r9:r9     = '[B'
  # parm3:    rdi       = int
  # parm4:    rsi       = int
  # parm5:    rcx:rcx   = 'java/security/ProtectionDomain'
  # parm6:    [sp+0xa0]   = 'java/lang/String'  (sp of caller)
  0x000001cce71c2b40: 448b 5208 | 49bb 0000 | 0080 cc01 | 0000 4d03 | d349 3bc2 | 0f84 0600 

  0x000001cce71c2b58: ;   {runtime_call ic_miss_stub}
  0x000001cce71c2b58: 0000 e921 | b9a3 ff90 
[Verified Entry Point]
  0x000001cce71c2b60: 8984 2400 | 80ff ff55 | 488b ec48 | 81ec 9000 | 0000 6690 | 4181 7f20 | 0100 0000 

  0x000001cce71c2b7c: ;   {runtime_call StubRoutines (final stubs)}
  0x000001cce71c2b7c: 7405 e83d | 5ea2 ff48 | 837d 1000 | 488d 4510 | 480f 4445 | 1048 8944 | 2440 4889 | 4c24 7048 
  0x000001cce71c2b9c: 83f9 0048 | 8d44 2470 | 480f 4444 | 2470 4889 | 4424 3848 | 8974 2430 | 4889 7c24 | 284c 894c 
  0x000001cce71c2bbc: 2458 4983 | f900 488d | 4424 5848 | 0f44 4424 | 5848 8944 | 2420 4c89 | 4424 5049 | 83f8 004c 
  0x000001cce71c2bdc: 8d4c 2450 | 4c0f 444c | 2450 4889 | 5424 4848 | 83fa 004c | 8d44 2448 | 4c0f 4444 

  0x000001cce71c2bf8: ;   {oop(a 'java/lang/Class'{0x0000000080000cd8} = 'java/lang/ClassLoader')}
  0x000001cce71c2bf8: 2448 49be | d80c 0080 | 0000 0000 | 4c89 7424 | 784c 8d74 | 2478 498b 

  0x000001cce71c2c10: ; ImmutableOopMap {[72]=Oop [80]=Oop [88]=Oop [112]=Oop [120]=Oop [160]=Oop }
                      ;   {section_word}
  0x000001cce71c2c10: d649 ba11 | 2c1c e7cc | 0100 004d | 8997 a803 | 0000 4989 | a7a0 0300 

  0x000001cce71c2c28: ;   {external_word}
  0x000001cce71c2c28: 0049 bac6 | 5cd1 04f9 | 7f00 0041 | 803a 000f | 844e 0000 | 0052 4150 

  0x000001cce71c2c40: ;   {metadata({method} {0x000001cc80434f58} 'defineClass1' '(Ljava/lang/ClassLoader;Ljava/lang/String;[BIILjava/security/ProtectionDomain;Ljava/lang/String;)Ljava/lang/Class;' in 'java/lang/ClassLoader')}
  0x000001cce71c2c40: 4151 48ba | 504f 4380 | cc01 0000 | 498b cf48 | 83ec 2040 | f6c4 0f0f | 8419 0000 | 0048 83ec 
  0x000001cce71c2c60: ;   {runtime_call}
  0x000001cce71c2c60: 0848 b850 | e17a 04f9 | 7f00 00ff | d048 83c4 | 08e9 0c00 

  0x000001cce71c2c74: ;   {runtime_call}
  0x000001cce71c2c74: 0000 48b8 | 50e1 7a04 | f97f 0000 | ffd0 4883 | c420 4159 | 4158 5a49 | 8d8f c003 | 0000 41c7 
  0x000001cce71c2c94: 874c 0400 | 0004 0000 

  0x000001cce71c2c9c: ;   {runtime_call}
  0x000001cce71c2c9c: 0048 b8ac | 16fa 83f9 | 7f00 00ff | d041 c787 | 4c04 0000 | 0500 0000 | f083 4424 | c000 493b 
  0x000001cce71c2cbc: af50 0400 | 000f 870e | 0000 0041 | 83bf 4804 | 0000 000f | 8428 0000 | 0048 8945 | f849 8bcf 
  0x000001cce71c2cdc: 4c8b e448 | 83ec 2048 

  0x000001cce71c2ce4: ;   {runtime_call}
  0x000001cce71c2ce4: 83e4 f048 | b8d0 5246 | 04f9 7f00 | 00ff d049 | 8be4 4d33 | e448 8b45 | f841 c787 | 4c04 0000 
  0x000001cce71c2d04: 0800 0000 | 4183 bfc8 | 0400 0002 | 0f84 c700 

  0x000001cce71c2d14: ;   {external_word}
  0x000001cce71c2d14: 0000 49ba | c65c d104 | f97f 0000 | 4180 3a00 | 0f84 4c00 | 0000 4889 

  0x000001cce71c2d2c: ;   {metadata({method} {0x000001cc80434f58} 'defineClass1' '(Ljava/lang/ClassLoader;Ljava/lang/String;[BIILjava/security/ProtectionDomain;Ljava/lang/String;)Ljava/lang/Class;' in 'java/lang/ClassLoader')}
  0x000001cce71c2d2c: 45f8 48ba | 504f 4380 | cc01 0000 | 498b cf48 | 83ec 2040 | f6c4 0f0f | 8419 0000 | 0048 83ec 
  0x000001cce71c2d4c: ;   {runtime_call}
  0x000001cce71c2d4c: 0848 b850 | e17a 04f9 | 7f00 00ff | d048 83c4 | 08e9 0c00 

  0x000001cce71c2d60: ;   {runtime_call}
  0x000001cce71c2d60: 0000 48b8 | 50e1 7a04 | f97f 0000 | ffd0 4883 | c420 488b | 45f8 49c7 | 87a0 0300 | 0000 0000 
  0x000001cce71c2d80: 0049 c787 | a803 0000 | 0000 0000 | 4885 c00f | 8425 0000 | 00a8 030f | 8508 0000 | 0048 8b00 
  0x000001cce71c2da0: e915 0000 | 00a8 010f | 8509 0000 | 0048 8b40 | fee9 0400 | 0000 488b | 40ff 498b | 8f30 0400 
  0x000001cce71c2dc0: 00c7 8100 | 0100 0000 | 0000 00c9 | 4983 7f08 | 000f 8501 | 0000 00c3 

  0x000001cce71c2dd8: ;   {runtime_call StubRoutines (initial stubs)}
  0x000001cce71c2dd8: e923 e19e | ff48 8945 | f84c 8be4 | 4883 ec20 | 4883 e4f0 

  0x000001cce71c2dec: ;   {runtime_call}
  0x000001cce71c2dec: 48b8 a018 | 7b04 f97f | 0000 ffd0 | 498b e44d | 33e4 488b | 45f8 e90f | ffff fff4 
[/MachCode]


Compiled method (c1) 5518 1639   !   3       java.net.URLClassLoader::defineClass (224 bytes)
 total in heap  [0x000001ccdf94bf10,0x000001ccdf94f5c0] = 14000
 relocation     [0x000001ccdf94c070,0x000001ccdf94c400] = 912
 main code      [0x000001ccdf94c400,0x000001ccdf94e478] = 8312
 stub code      [0x000001ccdf94e478,0x000001ccdf94e658] = 480
 oops           [0x000001ccdf94e658,0x000001ccdf94e668] = 16
 metadata       [0x000001ccdf94e668,0x000001ccdf94e7b0] = 328
 scopes data    [0x000001ccdf94e7b0,0x000001ccdf94ee30] = 1664
 scopes pcs     [0x000001ccdf94ee30,0x000001ccdf94f390] = 1376
 dependencies   [0x000001ccdf94f390,0x000001ccdf94f400] = 112
 handler table  [0x000001ccdf94f400,0x000001ccdf94f538] = 312
 nul chk table  [0x000001ccdf94f538,0x000001ccdf94f5c0] = 136

[Constant Pool (empty)]

[MachCode]
[Entry Point]
  # {method} {0x000001ccf40a44f0} 'defineClass' '(Ljava/lang/String;Ljdk/internal/loader/Resource;)Ljava/lang/Class;' in 'java/net/URLClassLoader'
  # this:     rdx:rdx   = 'java/net/URLClassLoader'
  # parm0:    r8:r8     = 'java/lang/String'
  # parm1:    r9:r9     = 'jdk/internal/loader/Resource'
  #           [sp+0x180]  (sp of caller)
  0x000001ccdf94c400: 448b 5208 | 49bb 0000 | 0080 cc01 | 0000 4d03 | d34c 3bd0 

  0x000001ccdf94c414: ;   {runtime_call ic_miss_stub}
  0x000001ccdf94c414: 0f85 6620 | 2b07 660f | 1f44 0000 
[Verified Entry Point]
  0x000001ccdf94c420: 8984 2400 | 80ff ff55 | 4881 ec70 | 0100 0090 | 4181 7f20 | 0100 0000 

  0x000001ccdf94c438: ;   {runtime_call StubRoutines (final stubs)}
  0x000001ccdf94c438: 7405 e881 | c529 0748 | 8994 24e8 | 0000 004c | 8984 24d8 | 0000 004c | 898c 24e0 

  0x000001ccdf94c454: ;   {metadata(method data for {method} {0x000001ccf40a44f0} 'defineClass' '(Ljava/lang/String;Ljdk/internal/loader/Resource;)Ljava/lang/Class;' in 'java/net/URLClassLoader')}
  0x000001ccdf94c454: 0000 0048 | be08 d13b | f4cc 0100 | 008b becc | 0000 0083 | c702 89be | cc00 0000 | 81e7 fe07 
  0x000001ccdf94c474: 0000 85ff | 0f84 231b 

  0x000001ccdf94c47c: ;   {metadata(method data for {method} {0x000001ccf40a44f0} 'defineClass' '(Ljava/lang/String;Ljdk/internal/loader/Resource;)Ljava/lang/Class;' in 'java/net/URLClassLoader')}
  0x000001ccdf94c47c: 0000 48be | 08d1 3bf4 | cc01 0000 | 4883 8610 | 0100 0001 

  0x000001ccdf94c490: ;   {runtime_call}
  0x000001ccdf94c490: 48b8 2027 | 7404 f97f | 0000 ffd0 

  0x000001ccdf94c49c: ;   {other}
  0x000001ccdf94c49c: 0f1f 8400 | 0000 0000 | 4889 8424 | f000 0000 | 4c8b 8424 | d800 0000 

  0x000001ccdf94c4b4: ; implicit exception: dispatches to 0x000001ccdf94dfc2
  0x000001ccdf94c4b4: 493b 0049 

  0x000001ccdf94c4b8: ;   {metadata(method data for {method} {0x000001ccf40a44f0} 'defineClass' '(Ljava/lang/String;Ljdk/internal/loader/Resource;)Ljava/lang/Class;' in 'java/net/URLClassLoader')}
  0x000001ccdf94c4b8: 8bc8 48ba | 08d1 3bf4 | cc01 0000 | 4883 8220 | 0100 0001 

  0x000001ccdf94c4cc: ;   {metadata(method data for {method} {0x000001cc80453d30} 'lastIndexOf' '(I)I' in 'java/lang/String')}
  0x000001ccdf94c4cc: 48b9 9070 | 05f4 cc01 | 0000 8b91 | cc00 0000 | 83c2 0289 | 91cc 0000 | 0081 e2fe | ff1f 0085 
  0x000001ccdf94c4ec: d20f 84d4 | 1a00 0049 

  0x000001ccdf94c4f4: ;   {metadata(method data for {method} {0x000001cc80453d30} 'lastIndexOf' '(I)I' in 'java/lang/String')}
  0x000001ccdf94c4f4: 8bc8 48ba | 9070 05f4 | cc01 0000 | 4883 8210 | 0100 0001 

  0x000001ccdf94c508: ;   {metadata(method data for {method} {0x000001cc8000ee90} 'length' '()I' in 'java/lang/String')}
  0x000001ccdf94c508: 48b9 38f5 | 00f4 cc01 | 0000 8b91 | cc00 0000 | 83c2 0289 | 91cc 0000 | 0081 e2fe | ff1f 0085 
  0x000001ccdf94c528: d20f 84b9 | 1a00 0041 | 8b70 148b | 560c 498b 

  0x000001ccdf94c538: ;   {metadata(method data for {method} {0x000001cc8000ee90} 'length' '()I' in 'java/lang/String')}
  0x000001ccdf94c538: c849 b938 | f500 f4cc | 0100 0049 | 8381 1001 

  0x000001ccdf94c548: ;   {metadata(method data for {method} {0x000001cc80455018} 'coder' '()B' in 'java/lang/String')}
  0x000001ccdf94c548: 0000 0148 | b9c0 f300 | f4cc 0100 | 0044 8b89 | cc00 0000 | 4183 c102 | 4489 89cc | 0000 0041 
  0x000001ccdf94c568: 81e1 feff | 1f00 4585 | c90f 8497 

  0x000001ccdf94c574: ;   {metadata(method data for {method} {0x000001cc80455018} 'coder' '()B' in 'java/lang/String')}
  0x000001ccdf94c574: 1a00 0048 | b9c0 f300 | f4cc 0100 | 00ff 8120 | 0100 0045 | 0fbe 4810 

  0x000001ccdf94c58c: ;   {metadata(method data for {method} {0x000001cc80455018} 'coder' '()B' in 'java/lang/String')}
  0x000001ccdf94c58c: 48b9 c0f3 | 00f4 cc01 | 0000 ff81 | 3001 0000 | 498b c9c1 | e118 c1f9 | 18d3 fa48 | 8bfa ffcf 
  0x000001ccdf94c5ac: ;   {metadata(method data for {method} {0x000001cc80453d30} 'lastIndexOf' '(I)I' in 'java/lang/String')}
  0x000001ccdf94c5ac: 498b d048 | bb90 7005 | f4cc 0100 | 0048 8383 | 4801 0000 

  0x000001ccdf94c5c0: ;   {metadata(method data for {method} {0x000001cc80453c80} 'lastIndexOf' '(II)I' in 'java/lang/String')}
  0x000001ccdf94c5c0: 0148 ba58 | 7205 f4cc | 0100 008b | 9acc 0000 | 0083 c302 | 899a cc00 | 0000 81e3 | feff 1f00 
  0x000001ccdf94c5e0: 85db 0f84 | 471a 0000 

  0x000001ccdf94c5e8: ;   {metadata(method data for {method} {0x000001cc80453c80} 'lastIndexOf' '(II)I' in 'java/lang/String')}
  0x000001ccdf94c5e8: 498b d048 | bb58 7205 | f4cc 0100 | 0048 8383 | 1001 0000 

  0x000001ccdf94c5fc: ;   {metadata(method data for {method} {0x000001cc80454410} 'isLatin1' '()Z' in 'java/lang/String')}
  0x000001ccdf94c5fc: 0148 ba18 | 9300 f4cc | 0100 008b | 9acc 0000 | 0083 c302 | 899a cc00 | 0000 81e3 | feff 1f00 
  0x000001ccdf94c61c: 85db 0f84 | 2c1a 0000 

  0x000001ccdf94c624: ;   {metadata(method data for {method} {0x000001cc80454410} 'isLatin1' '()Z' in 'java/lang/String')}
  0x000001ccdf94c624: 48ba 1893 | 00f4 cc01 | 0000 ff82 | 2001 0000 

  0x000001ccdf94c634: ;   {metadata(method data for {method} {0x000001cc80454410} 'isLatin1' '()Z' in 'java/lang/String')}
  0x000001ccdf94c634: 4585 c948 | ba18 9300 | f4cc 0100 | 0049 c7c1 | 3001 0000 | 7507 49c7 | c140 0100 | 004a 8b1c 
  0x000001ccdf94c654: 0a48 8d5b | 014a 891c | 0a0f 851a 

  0x000001ccdf94c660: ;   {metadata(method data for {method} {0x000001cc80454410} 'isLatin1' '()Z' in 'java/lang/String')}
  0x000001ccdf94c660: 0000 0048 | ba18 9300 | f4cc 0100 | 00ff 8250 | 0100 00ba | 0100 0000 | e905 0000 | 00ba 0000 
  0x000001ccdf94c680: 0000 83e2 

  0x000001ccdf94c684: ;   {metadata(method data for {method} {0x000001cc80453c80} 'lastIndexOf' '(II)I' in 'java/lang/String')}
  0x000001ccdf94c684: 0185 d248 | ba58 7205 | f4cc 0100 | 0049 c7c1 | 4801 0000 | 7407 49c7 | c158 0100 | 004a 8b1c 
  0x000001ccdf94c6a4: 0a48 8d5b | 014a 891c | 0a0f 8446 

  0x000001ccdf94c6b0: ;   {metadata(method data for {method} {0x000001cc80453c80} 'lastIndexOf' '(II)I' in 'java/lang/String')}
  0x000001ccdf94c6b0: 0000 0048 | ba58 7205 | f4cc 0100 | 0048 8382 | 6801 0000 | 0148 8bd6 | 41b8 2e00 | 0000 4c8b 
  0x000001ccdf94c6d0: cf66 0f1f 

  0x000001ccdf94c6d4: ;   {static_call}
  0x000001ccdf94c6d4: 4400 00e8 

  0x000001ccdf94c6d8: ; ImmutableOopMap {[216]=Oop [224]=Oop [232]=Oop }
                      ;*invokestatic lastIndexOf {reexecute=0 rethrow=0 return_oop=0}
                      ; - java.lang.String::lastIndexOf@13
                      ; - java.lang.String::lastIndexOf@8
                      ; - java.net.URLClassLoader::defineClass@7
  0x000001ccdf94c6d8: 4417 8407 

  0x000001ccdf94c6dc: ;   {other}
  0x000001ccdf94c6dc: 0f1f 8400 | cc07 0000 

  0x000001ccdf94c6e4: ;   {metadata(method data for {method} {0x000001cc80453c80} 'lastIndexOf' '(II)I' in 'java/lang/String')}
  0x000001ccdf94c6e4: 48ba 5872 | 05f4 cc01 | 0000 ff82 | 7801 0000 | e92b 0000 

  0x000001ccdf94c6f8: ;   {metadata(method data for {method} {0x000001cc80453c80} 'lastIndexOf' '(II)I' in 'java/lang/String')}
  0x000001ccdf94c6f8: 0048 ba58 | 7205 f4cc | 0100 0048 | 8382 9001 | 0000 0148 | 8bd6 41b8 | 2e00 0000 

  0x000001ccdf94c714: ;   {static_call}
  0x000001ccdf94c714: 4c8b cfe8 

  0x000001ccdf94c718: ; ImmutableOopMap {[216]=Oop [224]=Oop [232]=Oop }
                      ;*invokestatic lastIndexOf {reexecute=0 rethrow=0 return_oop=0}
                      ; - java.lang.String::lastIndexOf@25
                      ; - java.lang.String::lastIndexOf@8
                      ; - java.net.URLClassLoader::defineClass@7
  0x000001ccdf94c718: 6426 2b07 

  0x000001ccdf94c71c: ;   {other}
  0x000001ccdf94c71c: 0f1f 8400 | 0c08 0001 | 4c8b 8c24 | e000 0000 

  0x000001ccdf94c72c: ; implicit exception: dispatches to 0x000001ccdf94e071
  0x000001ccdf94c72c: 493b 014d 

  0x000001ccdf94c730: ;   {metadata(method data for {method} {0x000001ccf40a44f0} 'defineClass' '(Ljava/lang/String;Ljdk/internal/loader/Resource;)Ljava/lang/Class;' in 'java/net/URLClassLoader')}
  0x000001ccdf94c730: 8bc1 48ba | 08d1 3bf4 | cc01 0000 

  0x000001ccdf94c73c: ;   {metadata('jdk/internal/loader/URLClassPath$JarLoader$2')}
  0x000001ccdf94c73c: 49ba d821 | 2180 cc01 | 0000 4c89 | 9268 0100 | 0048 8382 | 7001 0000 

  0x000001ccdf94c754: ;   {metadata(method data for {method} {0x000001cc80212970} 'getCodeSourceURL' '()Ljava/net/URL;' in 'jdk/internal/loader/URLClassPath$JarLoader$2')}
  0x000001ccdf94c754: 0149 b8d0 | d73b f4cc | 0100 0041 | 8b90 cc00 | 0000 83c2 | 0241 8990 | cc00 0000 | 81e2 feff 
  0x000001ccdf94c774: 1f00 85d2 | 0f84 f818 | 0000 458b | 4120 418b | 701c 4889 | b424 f800 | 0000 83f8 

  0x000001ccdf94c790: ;   {metadata(method data for {method} {0x000001ccf40a44f0} 'defineClass' '(Ljava/lang/String;Ljdk/internal/loader/Resource;)Ljava/lang/Class;' in 'java/net/URLClassLoader')}
  0x000001ccdf94c790: ff49 b808 | d13b f4cc | 0100 0048 | c7c2 9001 | 0000 7407 | 48c7 c2a0 | 0100 0049 | 8b3c 1048 
  0x000001ccdf94c7b0: 8d7f 0149 | 893c 100f | 84ce 0800 | 004c 8b84 | 24d8 0000 

  0x000001ccdf94c7c4: ;   {metadata(method data for {method} {0x000001ccf40a44f0} 'defineClass' '(Ljava/lang/String;Ljdk/internal/loader/Resource;)Ljava/lang/Class;' in 'java/net/URLClassLoader')}
  0x000001ccdf94c7c4: 0048 ba08 | d13b f4cc | 0100 0048 | 8382 b001 | 0000 0141 | b800 0000 | 004c 8bc8 | 488b 9424 
  0x000001ccdf94c7e4: d800 0000 | 0f1f 8000 

  0x000001ccdf94c7ec: ;   {optimized virtual_call}
  0x000001ccdf94c7ec: 0000 00e8 

  0x000001ccdf94c7f0: ; ImmutableOopMap {[216]=Oop [224]=Oop [232]=Oop [248]=Oop }
                      ;*invokevirtual substring {reexecute=0 rethrow=0 return_oop=0}
                      ; - java.net.URLClassLoader::defineClass@28
  0x000001ccdf94c7f0: 8c3d 8407 

  0x000001ccdf94c7f4: ;   {other}
  0x000001ccdf94c7f4: 0f1f 8400 | e408 0002 | 4889 8424 | 0001 0000 | 4c8b 8c24 | e000 0000 

  0x000001ccdf94c80c: ;   {metadata(method data for {method} {0x000001ccf40a44f0} 'defineClass' '(Ljava/lang/String;Ljdk/internal/loader/Resource;)Ljava/lang/Class;' in 'java/net/URLClassLoader')}
  0x000001ccdf94c80c: 48be 08d1 | 3bf4 cc01 

  0x000001ccdf94c814: ;   {metadata('jdk/internal/loader/URLClassPath$JarLoader$2')}
  0x000001ccdf94c814: 0000 49ba | d821 2180 | cc01 0000 | 4c89 96f8 | 0100 0048 | 8386 0002 

  0x000001ccdf94c82c: ;   {metadata(method data for {method} {0x000001cc802129c8} 'getManifest' '()Ljava/util/jar/Manifest;' in 'jdk/internal/loader/URLClassPath$JarLoader$2')}
  0x000001ccdf94c82c: 0000 0148 | be10 d93b | f4cc 0100 | 008b becc | 0000 0083 | c702 89be | cc00 0000 | 81e7 feff 
  0x000001ccdf94c84c: 1f00 85ff | 0f84 4618 

  0x000001ccdf94c854: ;   {metadata(method data for {method} {0x000001cc802129c8} 'getManifest' '()Ljava/util/jar/Manifest;' in 'jdk/internal/loader/URLClassPath$JarLoader$2')}
  0x000001ccdf94c854: 0000 48be | 10d9 3bf4 | cc01 0000 | 4883 8610 | 0100 0001 

  0x000001ccdf94c868: ;   {metadata(method data for {method} {0x000001cc80473d98} 'javaUtilJarAccess' '()Ljdk/internal/access/JavaUtilJarAccess;' in 'jdk/internal/access/SharedSecrets')}
  0x000001ccdf94c868: 48be 6816 | 32f4 cc01 | 0000 8bbe | cc00 0000 | 83c7 0289 | becc 0000 | 0081 e7fe | ff1f 0085 
  0x000001ccdf94c888: ff0f 842e 

  0x000001ccdf94c88c: ;   {oop(a 'java/lang/Class'{0x00000000d6ec45e0} = 'jdk/internal/access/SharedSecrets')}
  0x000001ccdf94c88c: 1800 0048 | bee0 45ec | d600 0000 | 008b b6d4 | 0000 0048 

  0x000001ccdf94c8a0: ;   {metadata(method data for {method} {0x000001cc80473d98} 'javaUtilJarAccess' '()Ljdk/internal/access/JavaUtilJarAccess;' in 'jdk/internal/access/SharedSecrets')}
  0x000001ccdf94c8a0: 85f6 48bf | 6816 32f4 | cc01 0000 | 48c7 c310 | 0100 0075 | 0748 c7c3 | 2001 0000 | 488b 141f 
  0x000001ccdf94c8c0: 488d 5201 | 4889 141f | 0f85 7c02 

  0x000001ccdf94c8cc: ;   {metadata(method data for {method} {0x000001cc80473d98} 'javaUtilJarAccess' '()Ljdk/internal/access/JavaUtilJarAccess;' in 'jdk/internal/access/SharedSecrets')}
  0x000001ccdf94c8cc: 0000 48be | 6816 32f4 | cc01 0000 | 4883 8630 | 0100 0001 

  0x000001ccdf94c8e0: ;   {metadata(method data for {method} {0x000001cc80474058} 'ensureClassInitialized' '(Ljava/lang/Class;)V' in 'jdk/internal/access/SharedSecrets')}
  0x000001ccdf94c8e0: 48be e017 | 32f4 cc01 | 0000 8bbe | cc00 0000 | 83c7 0289 | becc 0000 | 0081 e7fe | ff1f 0085 
  0x000001ccdf94c900: ff0f 84d7 

  0x000001ccdf94c904: ;   {metadata(method data for {method} {0x000001cc80474058} 'ensureClassInitialized' '(Ljava/lang/Class;)V' in 'jdk/internal/access/SharedSecrets')}
  0x000001ccdf94c904: 1700 0048 | bee0 1732 | f4cc 0100 | 0048 8386 | 1001 0000 

  0x000001ccdf94c918: ;   {metadata(method data for {method} {0x000001cc803f0a98} 'lookup' '()Ljava/lang/invoke/MethodHandles$Lookup;' in 'java/lang/invoke/MethodHandles')}
  0x000001ccdf94c918: 0148 be90 | 1932 f4cc | 0100 008b | becc 0000 | 0083 c702 | 89be cc00 | 0000 81e7 | feff 1f00 
  0x000001ccdf94c938: 85ff 0f84 | bf17 0000 

  0x000001ccdf94c940: ;   {metadata(method data for {method} {0x000001cc803f0a98} 'lookup' '()Ljava/lang/invoke/MethodHandles$Lookup;' in 'java/lang/invoke/MethodHandles')}
  0x000001ccdf94c940: 48be 9019 | 32f4 cc01 | 0000 4883 | 8610 0100 | 0001 0f1f 

  0x000001ccdf94c954: ;   {static_call}
  0x000001ccdf94c954: 4400 00e8 

  0x000001ccdf94c958: ; ImmutableOopMap {[216]=Oop [224]=Oop [232]=Oop [248]=Oop [256]=Oop }
                      ;*invokestatic getCallerClass {reexecute=0 rethrow=0 return_oop=0}
                      ; - java.lang.invoke.MethodHandles::lookup@0
                      ; - jdk.internal.access.SharedSecrets::ensureClassInitialized@0
                      ; - jdk.internal.access.SharedSecrets::javaUtilJarAccess@10
                      ; - jdk.internal.loader.URLClassPath$JarLoader$2::getManifest@0
                      ; - java.net.URLClassLoader::defineClass@34
  0x000001ccdf94c958: 2424 2b07 

  0x000001ccdf94c95c: ;   {other}
  0x000001ccdf94c95c: 0f1f 8400 | 4c0a 0003 | 4c8b c04d 

  0x000001ccdf94c968: ;   {metadata(method data for {method} {0x000001cc803f0a98} 'lookup' '()Ljava/lang/invoke/MethodHandles$Lookup;' in 'java/lang/invoke/MethodHandles')}
  0x000001ccdf94c968: 85c0 48ba | 9019 32f4 | cc01 0000 | 48c7 c630 | 0100 0074 | 0748 c7c6 | 2001 0000 | 488b 3c32 
  0x000001ccdf94c988: 488d 7f01 | 4889 3c32 | 0f84 1b01 

  0x000001ccdf94c994: ;   {metadata('java/lang/invoke/MethodHandles$Lookup')}
  0x000001ccdf94c994: 0000 48ba | 3034 0980 | cc01 0000 | 498b 87b8 | 0100 0048 | 8d78 2049 | 3bbf c801 | 0000 0f87 
  0x000001ccdf94c9b4: 6817 0000 | 4989 bfb8 | 0100 0048 | c700 0100 | 0000 488b | ca49 ba00 | 0000 80cc | 0100 0049 
  0x000001ccdf94c9d4: 2bca 8948 | 0848 33c9 | 8948 0c48 | 33c9 4889 | 4810 4889 | 4818 4c8b 

  0x000001ccdf94c9ec: ;   {metadata(method data for {method} {0x000001cc803f0a98} 'lookup' '()Ljava/lang/invoke/MethodHandles$Lookup;' in 'java/lang/invoke/MethodHandles')}
  0x000001ccdf94c9ec: c848 bf90 | 1932 f4cc | 0100 0048 | 8387 5001 

  0x000001ccdf94c9fc: ;   {metadata(method data for {method} {0x000001cc803e21b0} '<init>' '(Ljava/lang/Class;)V' in 'java/lang/invoke/MethodHandles$Lookup')}
  0x000001ccdf94c9fc: 0000 0149 | b928 1b32 | f4cc 0100 | 0041 8bb9 | cc00 0000 | 83c7 0241 | 89b9 cc00 | 0000 81e7 
  0x000001ccdf94ca1c: feff 1f00 | 85ff 0f84 | 0517 0000 

  0x000001ccdf94ca28: ;   {metadata(method data for {method} {0x000001cc803e21b0} '<init>' '(Ljava/lang/Class;)V' in 'java/lang/invoke/MethodHandles$Lookup')}
  0x000001ccdf94ca28: 4c8b c848 | bf28 1b32 | f4cc 0100 | 0048 8387 | 1001 0000 

  0x000001ccdf94ca3c: ;   {oop(nullptr)}
  0x000001ccdf94ca3c: 0149 b900 | 0000 0000 | 0000 00bf | 5f00 0000 | 488b d048 | 8984 2408 

  0x000001ccdf94ca54: ;   {optimized virtual_call}
  0x000001ccdf94ca54: 0100 00e8 

  0x000001ccdf94ca58: ; ImmutableOopMap {[216]=Oop [224]=Oop [232]=Oop [248]=Oop [256]=Oop [264]=Oop }
                      ;*invokespecial <init> {reexecute=0 rethrow=0 return_oop=0}
                      ; - java.lang.invoke.MethodHandles$Lookup::<init>@5
                      ; - java.lang.invoke.MethodHandles::lookup@23
                      ; - jdk.internal.access.SharedSecrets::ensureClassInitialized@0
                      ; - jdk.internal.access.SharedSecrets::javaUtilJarAccess@10
                      ; - jdk.internal.loader.URLClassPath$JarLoader$2::getManifest@0
                      ; - java.net.URLClassLoader::defineClass@34
  0x000001ccdf94ca58: 241d 2b07 

  0x000001ccdf94ca5c: ;   {other}
  0x000001ccdf94ca5c: 0f1f 8400 | 4c0b 0004 | 488b 8424 | 0801 0000 

  0x000001ccdf94ca6c: ;   {metadata(method data for {method} {0x000001cc80474058} 'ensureClassInitialized' '(Ljava/lang/Class;)V' in 'jdk/internal/access/SharedSecrets')}
  0x000001ccdf94ca6c: 4c8b c048 | bae0 1732 | f4cc 0100 | 0048 8382 | 2001 0000 

  0x000001ccdf94ca80: ;   {oop(a 'java/lang/Class'{0x00000000d6ead1a8} = 'java/util/jar/JarFile')}
  0x000001ccdf94ca80: 0149 b8a8 | d1ea d600 | 0000 0048 

  0x000001ccdf94ca8c: ;   {optimized virtual_call}
  0x000001ccdf94ca8c: 8bd0 90e8 

  0x000001ccdf94ca90: ; ImmutableOopMap {[216]=Oop [224]=Oop [232]=Oop [248]=Oop [256]=Oop }
                      ;*invokevirtual ensureInitialized {reexecute=0 rethrow=0 return_oop=0}
                      ; - jdk.internal.access.SharedSecrets::ensureClassInitialized@4
                      ; - jdk.internal.access.SharedSecrets::javaUtilJarAccess@10
                      ; - jdk.internal.loader.URLClassPath$JarLoader$2::getManifest@0
                      ; - java.net.URLClassLoader::defineClass@34
  0x000001ccdf94ca90: ec1c 2b07 

  0x000001ccdf94ca94: ;   {other}
  0x000001ccdf94ca94: 0f1f 8400 | 840b 0005 

  0x000001ccdf94ca9c: ;   {metadata(method data for {method} {0x000001cc80474058} 'ensureClassInitialized' '(Ljava/lang/Class;)V' in 'jdk/internal/access/SharedSecrets')}
  0x000001ccdf94ca9c: 48ba e017 | 32f4 cc01 | 0000 ff82 | 5801 0000 | e986 0000 | 000f 1f80 | 0000 0000 

  0x000001ccdf94cab8: ;   {no_reloc}
  0x000001ccdf94cab8: e9a0 1600 | 0000 0000 | 0000 e9a0 | 1600 004c 

  0x000001ccdf94cac8: ;   {metadata(method data for {method} {0x000001cc803f0a98} 'lookup' '()Ljava/lang/invoke/MethodHandles$Lookup;' in 'java/lang/invoke/MethodHandles')}
  0x000001ccdf94cac8: 8bc0 48ba | 9019 32f4 | cc01 0000 | 4883 8240 | 0100 0001 

  0x000001ccdf94cadc: ;   {oop("no caller frame"{0x00000000d56f40f0})}
  0x000001ccdf94cadc: 49b8 f040 | 6fd5 0000 | 0000 488b | d048 8984 | 2410 0100 | 0066 0f1f 

  0x000001ccdf94caf4: ;   {optimized virtual_call}
  0x000001ccdf94caf4: 4400 00e8 

  0x000001ccdf94caf8: ; ImmutableOopMap {[216]=Oop [224]=Oop [232]=Oop [248]=Oop [256]=Oop [272]=Oop }
                      ;*invokespecial <init> {reexecute=0 rethrow=0 return_oop=0}
                      ; - java.lang.invoke.MethodHandles::lookup@14
                      ; - jdk.internal.access.SharedSecrets::ensureClassInitialized@0
                      ; - jdk.internal.access.SharedSecrets::javaUtilJarAccess@10
                      ; - jdk.internal.loader.URLClassPath$JarLoader$2::getManifest@0
                      ; - java.net.URLClassLoader::defineClass@34
  0x000001ccdf94caf8: 841c 2b07 

  0x000001ccdf94cafc: ;   {other}
  0x000001ccdf94cafc: 0f1f 8400 | ec0b 0006 | 488b 8424 

  0x000001ccdf94cb08: ; ImmutableOopMap {rax=Oop [216]=Oop [224]=Oop [232]=Oop [248]=Oop [256]=Oop }
                      ;*athrow {reexecute=1 rethrow=0 return_oop=0}
                      ; - (reexecute) java.lang.invoke.MethodHandles::lookup@17
                      ; - jdk.internal.access.SharedSecrets::ensureClassInitialized@0
                      ; - jdk.internal.access.SharedSecrets::javaUtilJarAccess@10
                      ; - jdk.internal.loader.URLClassPath$JarLoader$2::getManifest@0
                      ; - java.net.URLClassLoader::defineClass@34
  0x000001ccdf94cb08: 1001 0000 

  0x000001ccdf94cb0c: ;   {section_word}
  0x000001ccdf94cb0c: 48ba 0ccb | 94df cc01 

  0x000001ccdf94cb14: ;   {runtime_call handle_exception_nofpu Runtime1 stub}
  0x000001ccdf94cb14: 0000 e865 | 1436 0790 | 498b 8700 | 0500 004d | 33d2 4d89 | 9700 0500 | 004d 33d2 | 4d89 9708 
  0x000001ccdf94cb34: ;   {oop(a 'java/lang/Class'{0x00000000d6ec45e0} = 'jdk/internal/access/SharedSecrets')}
  0x000001ccdf94cb34: 0500 0048 | bae0 45ec | d600 0000 | 008b 92d4 | 0000 0048 | 8bf2 4c8b | 8c24 e000 | 0000 418b 
  0x000001ccdf94cb54: 5120 8b52 | 1848 85f6 | 0f84 2900 

  0x000001ccdf94cb60: ;   {metadata('java/util/jar/JavaUtilJarAccessImpl')}
  0x000001ccdf94cb60: 0000 48b9 | b05a 3180 | cc01 0000 | 8b46 0849 | ba00 0000 | 80cc 0100 | 0049 03c2 | 483b 4838 
  0x000001ccdf94cb80: 0f85 f315 | 0000 e900 | 0000 0048 | 8bfe 483b 

  0x000001ccdf94cb90: ;   {metadata(method data for {method} {0x000001cc802129c8} 'getManifest' '()Ljava/util/jar/Manifest;' in 'jdk/internal/loader/URLClassPath$JarLoader$2')}
  0x000001ccdf94cb90: 0648 bf10 | d93b f4cc 

  0x000001ccdf94cb98: ;   {metadata('java/util/jar/JavaUtilJarAccessImpl')}
  0x000001ccdf94cb98: 0100 0049 | bab0 5a31 | 80cc 0100 | 004c 8997 | 3001 0000 | 4883 8738 | 0100 0001 

  0x000001ccdf94cbb4: ;   {metadata(method data for {method} {0x000001cc80315f40} 'ensureInitialization' '(Ljava/util/jar/JarFile;)V' in 'java/util/jar/JavaUtilJarAccessImpl')}
  0x000001ccdf94cbb4: 48be e0da | 3bf4 cc01 | 0000 8bbe | cc00 0000 | 83c7 0289 | becc 0000 | 0081 e7fe | ff1f 0085 
  0x000001ccdf94cbd4: ff0f 84a8 | 1500 0048 | 3b02 488b 

  0x000001ccdf94cbe0: ;   {metadata(method data for {method} {0x000001cc80315f40} 'ensureInitialization' '(Ljava/util/jar/JarFile;)V' in 'java/util/jar/JavaUtilJarAccessImpl')}
  0x000001ccdf94cbe0: f248 bfe0 | da3b f4cc | 0100 008b | 7608 49ba | 0000 0080 | cc01 0000 | 4903 f248 | 3bb7 2001 
  0x000001ccdf94cc00: 0000 750d | 4883 8728 | 0100 0001 | e960 0000 | 0048 3bb7 | 3001 0000 | 750d 4883 | 8738 0100 
  0x000001ccdf94cc20: 0001 e94a | 0000 0048 | 83bf 2001 | 0000 0075 | 1748 89b7 | 2001 0000 | 48c7 8728 | 0100 0001 
  0x000001ccdf94cc40: 0000 00e9 | 2900 0000 | 4883 bf30 | 0100 0000 | 7517 4889 | b730 0100 | 0048 c787 | 3801 0000 
  0x000001ccdf94cc60: 0100 0000 | e908 0000 | 0048 8387 | 1001 0000 | 0166 0f1f 

  0x000001ccdf94cc74: ;   {optimized virtual_call}
  0x000001ccdf94cc74: 4400 00e8 

  0x000001ccdf94cc78: ; ImmutableOopMap {[216]=Oop [224]=Oop [232]=Oop [248]=Oop [256]=Oop }
                      ;*invokevirtual ensureInitialization {reexecute=0 rethrow=0 return_oop=0}
                      ; - java.util.jar.JavaUtilJarAccessImpl::ensureInitialization@1
                      ; - jdk.internal.loader.URLClassPath$JarLoader$2::getManifest@10
                      ; - java.net.URLClassLoader::defineClass@34
  0x000001ccdf94cc78: 1118 0000 

  0x000001ccdf94cc7c: ;   {other}
  0x000001ccdf94cc7c: 0f1f 8400 | 6c0d 0008 | 4c8b 8c24 | e000 0000 | 418b 5120 

  0x000001ccdf94cc90: ; implicit exception: dispatches to 0x000001ccdf94e1a9
  0x000001ccdf94cc90: 8b52 1848 | 3b02 488b 

  0x000001ccdf94cc98: ;   {metadata(method data for {method} {0x000001cc802129c8} 'getManifest' '()Ljava/util/jar/Manifest;' in 'jdk/internal/loader/URLClassPath$JarLoader$2')}
  0x000001ccdf94cc98: f248 bf10 | d93b f4cc | 0100 008b | 7608 49ba | 0000 0080 | cc01 0000 | 4903 f248 | 3bb7 6801 
  0x000001ccdf94ccb8: 0000 750d | 4883 8770 | 0100 0001 | e960 0000 | 0048 3bb7 | 7801 0000 | 750d 4883 | 8780 0100 
  0x000001ccdf94ccd8: 0001 e94a | 0000 0048 | 83bf 6801 | 0000 0075 | 1748 89b7 | 6801 0000 | 48c7 8770 | 0100 0001 
  0x000001ccdf94ccf8: 0000 00e9 | 2900 0000 | 4883 bf78 | 0100 0000 | 7517 4889 | b778 0100 | 0048 c787 | 8001 0000 
  0x000001ccdf94cd18: 0100 0000 | e908 0000 | 0048 8387 | 5801 0000 | 010f 1f40 | 0048 b880 | 1219 80cc 

  0x000001ccdf94cd34: ;   {virtual_call}
  0x000001ccdf94cd34: 0100 00e8 

  0x000001ccdf94cd38: ; ImmutableOopMap {[216]=Oop [224]=Oop [232]=Oop [248]=Oop [256]=Oop }
                      ;*invokevirtual getManifest {reexecute=0 rethrow=0 return_oop=0}
                      ; - jdk.internal.loader.URLClassPath$JarLoader$2::getManifest@22
                      ; - java.net.URLClassLoader::defineClass@34
  0x000001ccdf94cd38: 84de feff 

  0x000001ccdf94cd3c: ;   {other}
  0x000001ccdf94cd3c: 0f1f 8400 | 2c0e 0009 | 4889 8424 | 1801 0000 | 488b 9424 | e800 0000 

  0x000001ccdf94cd54: ;   {metadata(method data for {method} {0x000001ccf40a44f0} 'defineClass' '(Ljava/lang/String;Ljdk/internal/loader/Resource;)Ljava/lang/Class;' in 'java/net/URLClassLoader')}
  0x000001ccdf94cd54: 49b8 08d1 | 3bf4 cc01 | 0000 4983 | 8020 0200 | 0001 4c8b | 8424 0001 | 0000 4c8b | c848 8bbc 
  0x000001ccdf94cd74: 24f8 0000 | 0048 8b94 | 24e8 0000 | 0066 0f1f 

  0x000001ccdf94cd84: ;   {optimized virtual_call}
  0x000001ccdf94cd84: 4400 00e8 

  0x000001ccdf94cd88: ; ImmutableOopMap {[216]=Oop [224]=Oop [232]=Oop [248]=Oop [256]=Oop [280]=Oop }
                      ;*invokevirtual getAndVerifyPackage {reexecute=0 rethrow=0 return_oop=0}
                      ; - java.net.URLClassLoader::defineClass@46
  0x000001ccdf94cd88: f42b 0000 

  0x000001ccdf94cd8c: ;   {other}
  0x000001ccdf94cd8c: 0f1f 8400 | 7c0e 000a 

  0x000001ccdf94cd94: ;   {metadata(method data for {method} {0x000001ccf40a44f0} 'defineClass' '(Ljava/lang/String;Ljdk/internal/loader/Resource;)Ljava/lang/Class;' in 'java/net/URLClassLoader')}
  0x000001ccdf94cd94: 4885 c049 | b808 d13b | f4cc 0100 | 0049 c7c1 | 6802 0000 | 7407 49c7 | c158 0200 | 004b 8b3c 
  0x000001ccdf94cdb4: 0848 8d7f | 014b 893c | 080f 840d | 0000 004c | 8b8c 24e0 | 0000 00e9 | bb02 0000 | 488b 8424 
  0x000001ccdf94cdd4: 1801 0000 

  0x000001ccdf94cdd8: ;   {metadata(method data for {method} {0x000001ccf40a44f0} 'defineClass' '(Ljava/lang/String;Ljdk/internal/loader/Resource;)Ljava/lang/Class;' in 'java/net/URLClassLoader')}
  0x000001ccdf94cdd8: 4885 c049 | b808 d13b | f4cc 0100 | 0049 c7c1 | 7802 0000 | 7407 49c7 | c188 0200 | 004b 8b3c 
  0x000001ccdf94cdf8: 0848 8d7f | 014b 893c | 0848 8b94 | 24e8 0000 | 000f 84d3 

  0x000001ccdf94ce0c: ;   {metadata(method data for {method} {0x000001ccf40a44f0} 'defineClass' '(Ljava/lang/String;Ljdk/internal/loader/Resource;)Ljava/lang/Class;' in 'java/net/URLClassLoader')}
  0x000001ccdf94ce0c: 0000 0049 | b808 d13b | f4cc 0100 | 008b 5208 | 49ba 0000 | 0080 cc01 | 0000 4903 | d249 3b90 
  0x000001ccdf94ce2c: a802 0000 | 750d 4983 | 80b0 0200 | 0001 e960 | 0000 0049 | 3b90 b802 | 0000 750d | 4983 80c0 
  0x000001ccdf94ce4c: 0200 0001 | e94a 0000 | 0049 83b8 | a802 0000 | 0075 1749 | 8990 a802 | 0000 49c7 | 80b0 0200 
  0x000001ccdf94ce6c: 0001 0000 | 00e9 2900 | 0000 4983 | b8b8 0200 | 0000 7517 | 4989 90b8 | 0200 0049 | c780 c002 
  0x000001ccdf94ce8c: 0000 0100 | 0000 e908 | 0000 0049 | 8380 9802 | 0000 014c | 8b84 2400 | 0100 004c | 8bc8 488b 
  0x000001ccdf94ceac: bc24 f800 | 0000 488b | 9424 e800 | 0000 0f1f 

  0x000001ccdf94cebc: ;   {optimized virtual_call}
  0x000001ccdf94cebc: 4400 00e8 

  0x000001ccdf94cec0: ; ImmutableOopMap {[216]=Oop [224]=Oop [232]=Oop [248]=Oop [256]=Oop [280]=Oop }
                      ;*invokevirtual definePackage {reexecute=0 rethrow=0 return_oop=0}
                      ; - java.net.URLClassLoader::defineClass@64
  0x000001ccdf94cec0: e915 0000 

  0x000001ccdf94cec4: ;   {other}
  0x000001ccdf94cec4: 0f1f 8400 | b40f 000b 

  0x000001ccdf94cecc: ;   {metadata(method data for {method} {0x000001ccf40a44f0} 'defineClass' '(Ljava/lang/String;Ljdk/internal/loader/Resource;)Ljava/lang/Class;' in 'java/net/URLClassLoader')}
  0x000001ccdf94cecc: 49b8 08d1 | 3bf4 cc01 | 0000 41ff | 80d0 0200 | 00e9 f200 

  0x000001ccdf94cee0: ;   {metadata(method data for {method} {0x000001ccf40a44f0} 'defineClass' '(Ljava/lang/String;Ljdk/internal/loader/Resource;)Ljava/lang/Class;' in 'java/net/URLClassLoader')}
  0x000001ccdf94cee0: 0000 49b8 | 08d1 3bf4 | cc01 0000 | 8b52 0849 | ba00 0000 | 80cc 0100 | 0049 03d2 | 493b 90f8 
  0x000001ccdf94cf00: 0200 0075 | 0d49 8380 | 0003 0000 | 01e9 6000 | 0000 493b | 9008 0300 | 0075 0d49 | 8380 1003 
  0x000001ccdf94cf20: 0000 01e9 | 4a00 0000 | 4983 b8f8 | 0200 0000 | 7517 4989 | 90f8 0200 | 0049 c780 | 0003 0000 
  0x000001ccdf94cf40: 0100 0000 | e929 0000 | 0049 83b8 | 0803 0000 | 0075 1749 | 8990 0803 | 0000 49c7 | 8010 0300 
  0x000001ccdf94cf60: 0001 0000 | 00e9 0800 | 0000 4983 | 80e8 0200 | 0001 4c8b | 8424 0001 

  0x000001ccdf94cf78: ;   {oop(nullptr)}
  0x000001ccdf94cf78: 0000 49b9 | 0000 0000 | 0000 0000 

  0x000001ccdf94cf84: ;   {oop(nullptr)}
  0x000001ccdf94cf84: 48bf 0000 | 0000 0000 

  0x000001ccdf94cf8c: ;   {oop(nullptr)}
  0x000001ccdf94cf8c: 0000 48be | 0000 0000 | 0000 0000 

  0x000001ccdf94cf98: ;   {oop(nullptr)}
  0x000001ccdf94cf98: 48b9 0000 | 0000 0000 | 0000 4d33 | d24c 8914 | 244d 33d2 | 4c89 5424 | 084d 33d2 | 4c89 5424 
  0x000001ccdf94cfb8: 1048 8b94 | 24e8 0000 | 0066 0f1f 

  0x000001ccdf94cfc4: ;   {optimized virtual_call}
  0x000001ccdf94cfc4: 4400 00e8 

  0x000001ccdf94cfc8: ; ImmutableOopMap {[216]=Oop [224]=Oop [232]=Oop [248]=Oop [256]=Oop [280]=Oop }
                      ;*invokevirtual definePackage {reexecute=0 rethrow=0 return_oop=0}
                      ; - java.net.URLClassLoader::defineClass@81
  0x000001ccdf94cfc8: b417 2b07 

  0x000001ccdf94cfcc: ;   {other}
  0x000001ccdf94cfcc: 0f1f 8400 | bc10 000c 

  0x000001ccdf94cfd4: ;   {metadata(method data for {method} {0x000001ccf40a44f0} 'defineClass' '(Ljava/lang/String;Ljdk/internal/loader/Resource;)Ljava/lang/Class;' in 'java/net/URLClassLoader')}
  0x000001ccdf94cfd4: 48b8 08d1 | 3bf4 cc01 | 0000 ff80 | 2003 0000 | 4c8b 8c24 | e000 0000 | e99a 0000 | 004c 8b8c 
  0x000001ccdf94cff4: 2418 0100 | 0049 8b87 | 0005 0000 | 4d33 d24d | 8997 0005 | 0000 4d33 | d24d 8997 | 0805 0000 
  0x000001ccdf94d014: 488b 9424 | e800 0000 

  0x000001ccdf94d01c: ;   {metadata(method data for {method} {0x000001ccf40a44f0} 'defineClass' '(Ljava/lang/String;Ljdk/internal/loader/Resource;)Ljava/lang/Class;' in 'java/net/URLClassLoader')}
  0x000001ccdf94d01c: 49b8 08d1 | 3bf4 cc01 | 0000 4983 | 8038 0300 | 0001 4c8b | 8424 0001 | 0000 488b | bc24 f800 
  0x000001ccdf94d03c: 0000 488b | 9424 e800 

  0x000001ccdf94d044: ;   {optimized virtual_call}
  0x000001ccdf94d044: 0000 90e8 

  0x000001ccdf94d048: ; ImmutableOopMap {[216]=Oop [224]=Oop [232]=Oop [248]=Oop [256]=Oop }
                      ;*invokevirtual getAndVerifyPackage {reexecute=0 rethrow=0 return_oop=0}
                      ; - java.net.URLClassLoader::defineClass@97
  0x000001ccdf94d048: 3417 2b07 

  0x000001ccdf94d04c: ;   {other}
  0x000001ccdf94d04c: 0f1f 8400 | 3c11 000d 

  0x000001ccdf94d054: ;   {metadata(method data for {method} {0x000001ccf40a44f0} 'defineClass' '(Ljava/lang/String;Ljdk/internal/loader/Resource;)Ljava/lang/Class;' in 'java/net/URLClassLoader')}
  0x000001ccdf94d054: 4885 c048 | b808 d13b | f4cc 0100 | 0049 c7c0 | 8003 0000 | 7407 49c7 | c070 0300 | 004a 8b14 
  0x000001ccdf94d074: 0048 8d52 | 014a 8914 | 000f 8437 | 0b00 004c | 8b8c 24e0 | 0000 0049 

  0x000001ccdf94d08c: ;   {metadata(method data for {method} {0x000001ccf40a44f0} 'defineClass' '(Ljava/lang/String;Ljdk/internal/loader/Resource;)Ljava/lang/Class;' in 'java/net/URLClassLoader')}
  0x000001ccdf94d08c: 8bc1 49b8 | 08d1 3bf4 | cc01 0000 | 8b40 0849 | ba00 0000 | 80cc 0100 | 0049 03c2 | 493b 8068 
  0x000001ccdf94d0ac: 0400 0075 | 0d49 8380 | 7004 0000 | 01e9 6000 | 0000 493b | 8078 0400 | 0075 0d49 | 8380 8004 
  0x000001ccdf94d0cc: 0000 01e9 | 4a00 0000 | 4983 b868 | 0400 0000 | 7517 4989 | 8068 0400 | 0049 c780 | 7004 0000 
  0x000001ccdf94d0ec: 0100 0000 | e929 0000 | 0049 83b8 | 7804 0000 | 0075 1749 | 8980 7804 | 0000 49c7 | 8080 0400 
  0x000001ccdf94d10c: 0001 0000 | 00e9 0800 | 0000 4983 | 8058 0400 

  0x000001ccdf94d11c: ;   {metadata(method data for {method} {0x000001cc8016ff28} 'getByteBuffer' '()Ljava/nio/ByteBuffer;' in 'jdk/internal/loader/Resource')}
  0x000001ccdf94d11c: 0001 48b8 | f8ec 3bf4 | cc01 0000 | 448b 80cc | 0000 0041 | 83c0 0244 | 8980 cc00 | 0000 4181 
  0x000001ccdf94d13c: e0fe ff1f | 0045 85c0 | 0f84 6910 | 0000 498b 

  0x000001ccdf94d14c: ;   {metadata(method data for {method} {0x000001cc8016ff28} 'getByteBuffer' '()Ljava/nio/ByteBuffer;' in 'jdk/internal/loader/Resource')}
  0x000001ccdf94d14c: c149 b8f8 | ec3b f4cc | 0100 0049 | 8380 1001 | 0000 014c | 8d84 2458 | 0100 004d | 8948 0849 
  0x000001ccdf94d16c: 8b01 4883 | c801 4989 | 00f0 4d0f | b101 0f84 | 1200 0000 | 482b c448 | 2507 f0ff | ff49 8900 
  0x000001ccdf94d18c: 0f85 4210 | 0000 49ff | 8750 0500 

  0x000001ccdf94d198: ;   {metadata(method data for {method} {0x000001cc801701e8} 'cachedInputStream' '()Ljava/io/InputStream;' in 'jdk/internal/loader/Resource')}
  0x000001ccdf94d198: 0049 b8e8 | 3932 f4cc | 0100 0041 | 8b90 cc00 | 0000 83c2 | 0241 8990 | cc00 0000 | 81e2 feff 
  0x000001ccdf94d1b8: 1f00 85d2 | 0f84 2510 | 0000 458b | 410c 4d85 

  0x000001ccdf94d1c8: ;   {metadata(method data for {method} {0x000001cc801701e8} 'cachedInputStream' '()Ljava/io/InputStream;' in 'jdk/internal/loader/Resource')}
  0x000001ccdf94d1c8: c049 b8e8 | 3932 f4cc | 0100 0048 | c7c2 1001 | 0000 7507 | 48c7 c220 | 0100 0049 | 8b34 1048 
  0x000001ccdf94d1e8: 8d76 0149 | 8934 100f | 8513 0100 | 004d 8bc1 

  0x000001ccdf94d1f8: ;   {metadata(method data for {method} {0x000001cc801701e8} 'cachedInputStream' '()Ljava/io/InputStream;' in 'jdk/internal/loader/Resource')}
  0x000001ccdf94d1f8: 48ba e839 | 32f4 cc01 | 0000 4883 | 8248 0100 

  0x000001ccdf94d208: ;   {metadata(method data for {method} {0x000001cc80212918} 'getInputStream' '()Ljava/io/InputStream;' in 'jdk/internal/loader/URLClassPath$JarLoader$2')}
  0x000001ccdf94d208: 0001 49b8 | 903b 32f4 | cc01 0000 | 418b 90cc | 0000 0083 | c202 4189 | 90cc 0000 | 0081 e2fe 
  0x000001ccdf94d228: ff1f 0085 | d20f 84d5 | 0f00 0045 | 8b41 2041 | 8b50 1845 | 8b41 1c48 | 3b02 488b 

  0x000001ccdf94d244: ;   {metadata(method data for {method} {0x000001cc80212918} 'getInputStream' '()Ljava/io/InputStream;' in 'jdk/internal/loader/URLClassPath$JarLoader$2')}
  0x000001ccdf94d244: f248 bf90 | 3b32 f4cc | 0100 008b | 7608 49ba | 0000 0080 | cc01 0000 | 4903 f248 | 3bb7 2001 
  0x000001ccdf94d264: 0000 750d | 4883 8728 | 0100 0001 | e960 0000 | 0048 3bb7 | 3001 0000 | 750d 4883 | 8738 0100 
  0x000001ccdf94d284: 0001 e94a | 0000 0048 | 83bf 2001 | 0000 0075 | 1748 89b7 | 2001 0000 | 48c7 8728 | 0100 0001 
  0x000001ccdf94d2a4: 0000 00e9 | 2900 0000 | 4883 bf30 | 0100 0000 | 7517 4889 | b730 0100 | 0048 c787 | 3801 0000 
  0x000001ccdf94d2c4: 0100 0000 | e908 0000 | 0048 8387 | 1001 0000 

  0x000001ccdf94d2d4: ;   {optimized virtual_call}
  0x000001ccdf94d2d4: 0166 90e8 

  0x000001ccdf94d2d8: ; ImmutableOopMap {[216]=Oop [224]=Oop [232]=Oop [248]=Oop [352]=Oop }
                      ;*invokevirtual getInputStream {reexecute=0 rethrow=0 return_oop=0}
                      ; - jdk.internal.loader.URLClassPath$JarLoader$2::getInputStream@11
                      ; - jdk.internal.loader.Resource::cachedInputStream@9
                      ; - jdk.internal.loader.Resource::getByteBuffer@1
                      ; - java.net.URLClassLoader::defineClass@132
  0x000001ccdf94d2d8: c469 f9ff 

  0x000001ccdf94d2dc: ;   {other}
  0x000001ccdf94d2dc: 0f1f 8400 | cc13 000e | 4c8b 8c24 | e000 0000 | 4c8b d045 | 8951 0c49 | 8d01 48c1 | e809 48ba 
  0x000001ccdf94d2fc: 0000 a5db | cc01 0000 | c604 1000 | 418b 510c | 488d 8424 | 5801 0000 | 488b 3048 | 85f6 0f84 
  0x000001ccdf94d31c: 0f00 0000 | 488b 7808 | f048 0fb1 | 370f 8504 | 0f00 0049 | ff8f 5005 | 0000 4885 

  0x000001ccdf94d338: ;   {metadata(method data for {method} {0x000001cc8016ff28} 'getByteBuffer' '()Ljava/nio/ByteBuffer;' in 'jdk/internal/loader/Resource')}
  0x000001ccdf94d338: d275 1648 | bbf8 ec3b | f4cc 0100 | 0080 8b41 | 0100 0001 | e9e7 0000 

  0x000001ccdf94d350: ;   {metadata('sun/nio/ByteBuffered')}
  0x000001ccdf94d350: 0048 b888 | 3236 80cc | 0100 008b | 5a08 49ba | 0000 0080 | cc01 0000 | 4903 da48 | 3b43 200f 
  0x000001ccdf94d370: 841a 0000 | 0048 3bd8 | 0f84 1100 | 0000 5350 

  0x000001ccdf94d380: ;   {runtime_call slow_subtype_check Runtime1 stub}
  0x000001ccdf94d380: e8fb 2036 | 075b 5b85 | db0f 848d 

  0x000001ccdf94d38c: ;   {metadata(method data for {method} {0x000001cc8016ff28} 'getByteBuffer' '()Ljava/nio/ByteBuffer;' in 'jdk/internal/loader/Resource')}
  0x000001ccdf94d38c: 0000 0048 | bbf8 ec3b | f4cc 0100 | 008b 4208 | 49ba 0000 | 0080 cc01 | 0000 4903 | c248 3b83 
  0x000001ccdf94d3ac: 5801 0000 | 750d 4883 | 8360 0100 | 0001 e97e | 0000 0048 | 3b83 6801 | 0000 750d | 4883 8370 
  0x000001ccdf94d3cc: 0100 0001 | e968 0000 | 0048 83bb | 5801 0000 | 0075 1748 | 8983 5801 | 0000 48c7 | 8360 0100 
  0x000001ccdf94d3ec: 0001 0000 | 00e9 4700 | 0000 4883 | bb68 0100 | 0000 7517 | 4889 8368 | 0100 0048 | c783 7001 
  0x000001ccdf94d40c: 0000 0100 | 0000 e926 | 0000 00e9 | 2100 0000 

  0x000001ccdf94d41c: ;   {metadata(method data for {method} {0x000001cc8016ff28} 'getByteBuffer' '()Ljava/nio/ByteBuffer;' in 'jdk/internal/loader/Resource')}
  0x000001ccdf94d41c: 48bb f8ec | 3bf4 cc01 | 0000 4883 | ab48 0100 | 0001 e905 | 0000 00e9 | 0500 0000 | 4833 f6eb 
  0x000001ccdf94d43c: 0748 c7c6 | 0100 0000 

  0x000001ccdf94d444: ;   {metadata(method data for {method} {0x000001cc8016ff28} 'getByteBuffer' '()Ljava/nio/ByteBuffer;' in 'jdk/internal/loader/Resource')}
  0x000001ccdf94d444: 85f6 48be | f8ec 3bf4 | cc01 0000 | 48c7 c780 | 0100 0074 | 0748 c7c7 | 9001 0000 | 488b 1c3e 
  0x000001ccdf94d464: 488d 5b01 | 4889 1c3e | 0f84 b701 | 0000 4885 

  0x000001ccdf94d474: ;   {metadata(method data for {method} {0x000001cc8016ff28} 'getByteBuffer' '()Ljava/nio/ByteBuffer;' in 'jdk/internal/loader/Resource')}
  0x000001ccdf94d474: d275 1648 | bff8 ec3b | f4cc 0100 | 0080 8f99 | 0100 0001 | e9e7 0000 

  0x000001ccdf94d48c: ;   {metadata('sun/nio/ByteBuffered')}
  0x000001ccdf94d48c: 0048 bb88 | 3236 80cc | 0100 008b | 7a08 49ba | 0000 0080 | cc01 0000 | 4903 fa48 | 3b5f 200f 
  0x000001ccdf94d4ac: 841a 0000 | 0048 3bfb | 0f84 1100 | 0000 5753 

  0x000001ccdf94d4bc: ;   {runtime_call slow_subtype_check Runtime1 stub}
  0x000001ccdf94d4bc: e8bf 1f36 | 075f 5f85 | ff0f 848d 

  0x000001ccdf94d4c8: ;   {metadata(method data for {method} {0x000001cc8016ff28} 'getByteBuffer' '()Ljava/nio/ByteBuffer;' in 'jdk/internal/loader/Resource')}
  0x000001ccdf94d4c8: 0000 0048 | bff8 ec3b | f4cc 0100 | 008b 5a08 | 49ba 0000 | 0080 cc01 | 0000 4903 | da48 3b9f 
  0x000001ccdf94d4e8: b001 0000 | 750d 4883 | 87b8 0100 | 0001 e979 | 0000 0048 | 3b9f c001 | 0000 750d | 4883 87c8 
  0x000001ccdf94d508: 0100 0001 | e963 0000 | 0048 83bf | b001 0000 | 0075 1748 | 899f b001 | 0000 48c7 | 87b8 0100 
  0x000001ccdf94d528: 0001 0000 | 00e9 4200 | 0000 4883 | bfc0 0100 | 0000 7517 | 4889 9fc0 | 0100 0048 | c787 c801 
  0x000001ccdf94d548: 0000 0100 | 0000 e921 | 0000 00e9 | 1c00 0000 

  0x000001ccdf94d558: ;   {metadata(method data for {method} {0x000001cc8016ff28} 'getByteBuffer' '()Ljava/nio/ByteBuffer;' in 'jdk/internal/loader/Resource')}
  0x000001ccdf94d558: 48bf f8ec | 3bf4 cc01 | 0000 4883 | afa0 0100 | 0001 e9da | 0c00 00e9 | 0000 0000 

  0x000001ccdf94d574: ; implicit exception: dispatches to 0x000001ccdf94e252
  0x000001ccdf94d574: 483b 0248 

  0x000001ccdf94d578: ;   {metadata(method data for {method} {0x000001cc8016ff28} 'getByteBuffer' '()Ljava/nio/ByteBuffer;' in 'jdk/internal/loader/Resource')}
  0x000001ccdf94d578: 8bf2 48bf | f8ec 3bf4 | cc01 0000 | 8b76 0849 | ba00 0000 | 80cc 0100 | 0049 03f2 | 483b b7e8 
  0x000001ccdf94d598: 0100 0075 | 0d48 8387 | f001 0000 | 01e9 6000 | 0000 483b | b7f8 0100 | 0075 0d48 | 8387 0002 
  0x000001ccdf94d5b8: 0000 01e9 | 4a00 0000 | 4883 bfe8 | 0100 0000 | 7517 4889 | b7e8 0100 | 0048 c787 | f001 0000 
  0x000001ccdf94d5d8: 0100 0000 | e929 0000 | 0048 83bf | f801 0000 | 0075 1748 | 89b7 f801 | 0000 48c7 | 8700 0200 
  0x000001ccdf94d5f8: 0001 0000 | 00e9 0800 | 0000 4883 | 87d8 0100 | 0001 6666 | 9048 b8ff | ffff ffff 

  0x000001ccdf94d614: ;   {virtual_call}
  0x000001ccdf94d614: ffff ffe8 

  0x000001ccdf94d618: ; ImmutableOopMap {[216]=Oop [224]=Oop [232]=Oop [248]=Oop }
                      ;*invokeinterface getByteBuffer {reexecute=0 rethrow=0 return_oop=0}
                      ; - jdk.internal.loader.Resource::getByteBuffer@16
                      ; - java.net.URLClassLoader::defineClass@132
  0x000001ccdf94d618: 6414 2b07 

  0x000001ccdf94d61c: ;   {other}
  0x000001ccdf94d61c: 0f1f 8400 | 0c17 000f | e90a 0000 

  0x000001ccdf94d628: ;   {oop(nullptr)}
  0x000001ccdf94d628: 0048 b800 | 0000 0000 | 0000 0048 

  0x000001ccdf94d634: ;   {metadata(method data for {method} {0x000001ccf40a44f0} 'defineClass' '(Ljava/lang/String;Ljdk/internal/loader/Resource;)Ljava/lang/Class;' in 'java/net/URLClassLoader')}
  0x000001ccdf94d634: 85c0 48ba | 08d1 3bf4 | cc01 0000 | 48c7 c690 | 0400 0074 | 0748 c7c6 | a004 0000 | 488b 3c32 
  0x000001ccdf94d654: 488d 7f01 | 4889 3c32 | 0f84 8002 | 0000 4889 | 8424 2001 | 0000 4c8b | 8c24 e000 | 0000 498b 
  0x000001ccdf94d674: ;   {metadata(method data for {method} {0x000001ccf40a44f0} 'defineClass' '(Ljava/lang/String;Ljdk/internal/loader/Resource;)Ljava/lang/Class;' in 'java/net/URLClassLoader')}
  0x000001ccdf94d674: d148 be08 | d13b f4cc 

  0x000001ccdf94d67c: ;   {metadata('jdk/internal/loader/URLClassPath$JarLoader$2')}
  0x000001ccdf94d67c: 0100 0049 | bad8 2121 | 80cc 0100 | 004c 8996 | c004 0000 | 4883 86c8 | 0400 0001 

  0x000001ccdf94d698: ;   {metadata(method data for {method} {0x000001cc80212a20} 'getCodeSigners' '()[Ljava/security/CodeSigner;' in 'jdk/internal/loader/URLClassPath$JarLoader$2')}
  0x000001ccdf94d698: 48ba 48ef | 3bf4 cc01 | 0000 8bb2 | cc00 0000 | 83c6 0289 | b2cc 0000 | 0081 e6fe | ff1f 0085 
  0x000001ccdf94d6b8: f60f 8498 | 0b00 0041 | 8b51 1c48 | 3b02 488b 

  0x000001ccdf94d6c8: ;   {metadata(method data for {method} {0x000001cc80212a20} 'getCodeSigners' '()[Ljava/security/CodeSigner;' in 'jdk/internal/loader/URLClassPath$JarLoader$2')}
  0x000001ccdf94d6c8: f248 bf48 | ef3b f4cc | 0100 008b | 7608 49ba | 0000 0080 | cc01 0000 | 4903 f248 | 3bb7 2001 
  0x000001ccdf94d6e8: 0000 750d | 4883 8728 | 0100 0001 | e960 0000 | 0048 3bb7 | 3001 0000 | 750d 4883 | 8738 0100 
  0x000001ccdf94d708: 0001 e94a | 0000 0048 | 83bf 2001 | 0000 0075 | 1748 89b7 | 2001 0000 | 48c7 8728 | 0100 0001 
  0x000001ccdf94d728: 0000 00e9 | 2900 0000 | 4883 bf30 | 0100 0000 | 7517 4889 | b730 0100 | 0048 c787 | 3801 0000 
  0x000001ccdf94d748: 0100 0000 | e908 0000 | 0048 8387 | 1001 0000 | 010f 1f40 | 0048 b8ff | ffff ffff 

  0x000001ccdf94d764: ;   {virtual_call}
  0x000001ccdf94d764: ffff ffe8 

  0x000001ccdf94d768: ; ImmutableOopMap {[216]=Oop [232]=Oop [248]=Oop [288]=Oop }
                      ;*invokevirtual getCodeSigners {reexecute=0 rethrow=0 return_oop=0}
                      ; - jdk.internal.loader.URLClassPath$JarLoader$2::getCodeSigners@4
                      ; - java.net.URLClassLoader::defineClass@143
  0x000001ccdf94d768: 1413 2b07 

  0x000001ccdf94d76c: ;   {other}
  0x000001ccdf94d76c: 0f1f 8400 | 5c18 0010 

  0x000001ccdf94d774: ;   {metadata('java/security/CodeSource')}
  0x000001ccdf94d774: 4c8b c848 | ba28 5c00 | 80cc 0100 | 0049 8b87 | b801 0000 | 488d 7828 | 493b bfc8 | 0100 000f 
  0x000001ccdf94d794: 87e4 0a00 | 0049 89bf | b801 0000 | 48c7 0001 | 0000 0048 | 8bca 49ba | 0000 0080 | cc01 0000 
  0x000001ccdf94d7b4: 492b ca89 | 4808 4833 | c989 480c | 4833 c948 | 8948 1048 | 8948 1848 | 8948 204c 

  0x000001ccdf94d7d0: ;   {metadata(method data for {method} {0x000001ccf40a44f0} 'defineClass' '(Ljava/lang/String;Ljdk/internal/loader/Resource;)Ljava/lang/Class;' in 'java/net/URLClassLoader')}
  0x000001ccdf94d7d0: 8bc0 48ba | 08d1 3bf4 | cc01 0000 | 4883 82e8 | 0400 0001 | 4c8b 8424 | f800 0000 | 488b d048 
  0x000001ccdf94d7f0: 8984 2428 

  0x000001ccdf94d7f4: ;   {optimized virtual_call}
  0x000001ccdf94d7f4: 0100 00e8 

  0x000001ccdf94d7f8: ; ImmutableOopMap {[216]=Oop [232]=Oop [288]=Oop [296]=Oop }
                      ;*invokespecial <init> {reexecute=0 rethrow=0 return_oop=0}
                      ; - java.net.URLClassLoader::defineClass@156
  0x000001ccdf94d7f8: 840f 2b07 

  0x000001ccdf94d7fc: ;   {other}
  0x000001ccdf94d7fc: 0f1f 8400 | ec18 0011 

  0x000001ccdf94d804: ;   {metadata(method data for {method} {0x000001ccf40a44f0} 'defineClass' '(Ljava/lang/String;Ljdk/internal/loader/Resource;)Ljava/lang/Class;' in 'java/net/URLClassLoader')}
  0x000001ccdf94d804: 49b8 08d1 | 3bf4 cc01 | 0000 4983 | 80f8 0400 

  0x000001ccdf94d814: ;   {metadata(method data for {method} {0x000001cc801042a8} 'getReadClassBytesTime' '()Ljdk/internal/perf/PerfCounter;' in 'jdk/internal/perf/PerfCounter')}
  0x000001ccdf94d814: 0001 49b8 | 00f3 3bf4 | cc01 0000 | 418b 90cc | 0000 0083 | c202 4189 | 90cc 0000 | 0081 e2fe 
  0x000001ccdf94d834: ff1f 0085 | d20f 844b 

  0x000001ccdf94d83c: ;   {oop(a 'jdk/internal/perf/PerfCounter'{0x00000000d6fa95a0})}
  0x000001ccdf94d83c: 0a00 0048 | baa0 95fa | d600 0000 | 004c 8bc2 

  0x000001ccdf94d84c: ;   {metadata(method data for {method} {0x000001ccf40a44f0} 'defineClass' '(Ljava/lang/String;Ljdk/internal/loader/Resource;)Ljava/lang/Class;' in 'java/net/URLClassLoader')}
  0x000001ccdf94d84c: 48be 08d1 | 3bf4 cc01 

  0x000001ccdf94d854: ;   {metadata('jdk/internal/perf/PerfCounter')}
  0x000001ccdf94d854: 0000 49ba | 6036 1080 | cc01 0000 | 4c89 9618 | 0500 0048 | 8386 2005 | 0000 014c | 8b84 24f0 
  0x000001ccdf94d874: ;   {optimized virtual_call}
  0x000001ccdf94d874: 0000 00e8 

  0x000001ccdf94d878: ; ImmutableOopMap {[216]=Oop [232]=Oop [288]=Oop [296]=Oop }
                      ;*invokevirtual addElapsedTimeFrom {reexecute=0 rethrow=0 return_oop=0}
                      ; - java.net.URLClassLoader::defineClass@165
  0x000001ccdf94d878: 040f 2b07 

  0x000001ccdf94d87c: ;   {other}
  0x000001ccdf94d87c: 0f1f 8400 | 6c19 0012 | 488b 9424 | e800 0000 

  0x000001ccdf94d88c: ;   {metadata(method data for {method} {0x000001ccf40a44f0} 'defineClass' '(Ljava/lang/String;Ljdk/internal/loader/Resource;)Ljava/lang/Class;' in 'java/net/URLClassLoader')}
  0x000001ccdf94d88c: 49b8 08d1 | 3bf4 cc01 | 0000 4983 | 8040 0500 | 0001 4c8b | 8424 d800 | 0000 4c8b | 8c24 2001 
  0x000001ccdf94d8ac: 0000 488b | bc24 2801 | 0000 488b | 9424 e800 

  0x000001ccdf94d8bc: ;   {optimized virtual_call}
  0x000001ccdf94d8bc: 0000 90e8 

  0x000001ccdf94d8c0: ; ImmutableOopMap {}
                      ;*invokevirtual defineClass {reexecute=0 rethrow=0 return_oop=0}
                      ; - java.net.URLClassLoader::defineClass@174
  0x000001ccdf94d8c0: bc0e 2b07 

  0x000001ccdf94d8c4: ;   {other}
  0x000001ccdf94d8c4: 0f1f 8400 | b419 0013 | 4881 c470 | 0100 005d 

  0x000001ccdf94d8d4: ;   {poll_return}
  0x000001ccdf94d8d4: 493b a750 | 0400 000f | 87ca 0900 | 00c3 4c8b | 8c24 e000 | 0000 498b 

  0x000001ccdf94d8ec: ;   {metadata(method data for {method} {0x000001ccf40a44f0} 'defineClass' '(Ljava/lang/String;Ljdk/internal/loader/Resource;)Ljava/lang/Class;' in 'java/net/URLClassLoader')}
  0x000001ccdf94d8ec: f948 bb08 | d13b f4cc 

  0x000001ccdf94d8f4: ;   {metadata('jdk/internal/loader/URLClassPath$JarLoader$2')}
  0x000001ccdf94d8f4: 0100 0049 | bad8 2121 | 80cc 0100 | 004c 8993 | 8805 0000 | 4883 8390 | 0500 0001 | 498b d10f 
  0x000001ccdf94d914: ;   {optimized virtual_call}
  0x000001ccdf94d914: 1f40 00e8 

  0x000001ccdf94d918: ; ImmutableOopMap {[216]=Oop [224]=Oop [232]=Oop [248]=Oop }
                      ;*invokevirtual getBytes {reexecute=0 rethrow=0 return_oop=0}
                      ; - java.net.URLClassLoader::defineClass@179
  0x000001ccdf94d918: f10b 0000 

  0x000001ccdf94d91c: ;   {other}
  0x000001ccdf94d91c: 0f1f 8400 | 0c1a 0014 | 4c8b 8c24 | e000 0000 

  0x000001ccdf94d92c: ;   {metadata(method data for {method} {0x000001ccf40a44f0} 'defineClass' '(Ljava/lang/String;Ljdk/internal/loader/Resource;)Ljava/lang/Class;' in 'java/net/URLClassLoader')}
  0x000001ccdf94d92c: 48ba 08d1 | 3bf4 cc01 

  0x000001ccdf94d934: ;   {metadata('jdk/internal/loader/URLClassPath$JarLoader$2')}
  0x000001ccdf94d934: 0000 49ba | d821 2180 | cc01 0000 | 4c89 92c0 | 0500 0048 | 8382 c805 

  0x000001ccdf94d94c: ;   {metadata(method data for {method} {0x000001cc80212a20} 'getCodeSigners' '()[Ljava/security/CodeSigner;' in 'jdk/internal/loader/URLClassPath$JarLoader$2')}
  0x000001ccdf94d94c: 0000 0148 | ba48 ef3b | f4cc 0100 | 008b b2cc | 0000 0083 | c602 89b2 | cc00 0000 | 81e6 feff 
  0x000001ccdf94d96c: 1f00 85f6 | 0f84 4b09 | 0000 4c8b | 8c24 e000 | 0000 418b | 511c 483b | 0248 8bf2 

  0x000001ccdf94d988: ;   {metadata(method data for {method} {0x000001cc80212a20} 'getCodeSigners' '()[Ljava/security/CodeSigner;' in 'jdk/internal/loader/URLClassPath$JarLoader$2')}
  0x000001ccdf94d988: 48bf 48ef | 3bf4 cc01 | 0000 8b76 | 0849 ba00 | 0000 80cc | 0100 0049 | 03f2 483b | b720 0100 
  0x000001ccdf94d9a8: 0075 0d48 | 8387 2801 | 0000 01e9 | 6000 0000 | 483b b730 | 0100 0075 | 0d48 8387 | 3801 0000 
  0x000001ccdf94d9c8: 01e9 4a00 | 0000 4883 | bf20 0100 | 0000 7517 | 4889 b720 | 0100 0048 | c787 2801 | 0000 0100 
  0x000001ccdf94d9e8: 0000 e929 | 0000 0048 | 83bf 3001 | 0000 0075 | 1748 89b7 | 3001 0000 | 48c7 8738 | 0100 0001 
  0x000001ccdf94da08: 0000 00e9 | 0800 0000 | 4883 8710 | 0100 0001 | 4889 8424 | 3001 0000 | 0f1f 4400 | 0048 b8ff 
  0x000001ccdf94da28: ffff ffff 

  0x000001ccdf94da2c: ;   {virtual_call}
  0x000001ccdf94da2c: ffff ffe8 

  0x000001ccdf94da30: ; ImmutableOopMap {[216]=Oop [232]=Oop [248]=Oop [304]=Oop }
                      ;*invokevirtual getCodeSigners {reexecute=0 rethrow=0 return_oop=0}
                      ; - jdk.internal.loader.URLClassPath$JarLoader$2::getCodeSigners@4
                      ; - java.net.URLClassLoader::defineClass@185
  0x000001ccdf94da30: ace8 2a07 

  0x000001ccdf94da34: ;   {other}
  0x000001ccdf94da34: 0f1f 8400 | 241b 0015 

  0x000001ccdf94da3c: ;   {metadata('java/security/CodeSource')}
  0x000001ccdf94da3c: 4c8b c848 | ba28 5c00 | 80cc 0100 | 0049 8b87 | b801 0000 | 488d 7828 | 493b bfc8 | 0100 000f 
  0x000001ccdf94da5c: 8786 0800 | 0049 89bf | b801 0000 | 48c7 0001 | 0000 0048 | 8bca 49ba | 0000 0080 | cc01 0000 
  0x000001ccdf94da7c: 492b ca89 | 4808 4833 | c989 480c | 4833 c948 | 8948 1048 | 8948 1848 | 8948 204c 

  0x000001ccdf94da98: ;   {metadata(method data for {method} {0x000001ccf40a44f0} 'defineClass' '(Ljava/lang/String;Ljdk/internal/loader/Resource;)Ljava/lang/Class;' in 'java/net/URLClassLoader')}
  0x000001ccdf94da98: 8bc0 48ba | 08d1 3bf4 | cc01 0000 | 4883 82e8 | 0500 0001 | 4c8b 8424 | f800 0000 | 488b d048 
  0x000001ccdf94dab8: 8984 2438 

  0x000001ccdf94dabc: ;   {optimized virtual_call}
  0x000001ccdf94dabc: 0100 00e8 

  0x000001ccdf94dac0: ; ImmutableOopMap {[216]=Oop [232]=Oop [304]=Oop [312]=Oop }
                      ;*invokespecial <init> {reexecute=0 rethrow=0 return_oop=0}
                      ; - java.net.URLClassLoader::defineClass@198
  0x000001ccdf94dac0: a80a 0000 

  0x000001ccdf94dac4: ;   {other}
  0x000001ccdf94dac4: 0f1f 8400 | b41b 0016 

  0x000001ccdf94dacc: ;   {metadata(method data for {method} {0x000001ccf40a44f0} 'defineClass' '(Ljava/lang/String;Ljdk/internal/loader/Resource;)Ljava/lang/Class;' in 'java/net/URLClassLoader')}
  0x000001ccdf94dacc: 49b8 08d1 | 3bf4 cc01 | 0000 4983 | 80f8 0500 

  0x000001ccdf94dadc: ;   {metadata(method data for {method} {0x000001cc801042a8} 'getReadClassBytesTime' '()Ljdk/internal/perf/PerfCounter;' in 'jdk/internal/perf/PerfCounter')}
  0x000001ccdf94dadc: 0001 49b8 | 00f3 3bf4 | cc01 0000 | 418b 90cc | 0000 0083 | c202 4189 | 90cc 0000 | 0081 e2fe 
  0x000001ccdf94dafc: ff1f 0085 | d20f 84ed 

  0x000001ccdf94db04: ;   {oop(a 'jdk/internal/perf/PerfCounter'{0x00000000d6fa95a0})}
  0x000001ccdf94db04: 0700 0048 | baa0 95fa | d600 0000 | 004c 8bc2 

  0x000001ccdf94db14: ;   {metadata(method data for {method} {0x000001ccf40a44f0} 'defineClass' '(Ljava/lang/String;Ljdk/internal/loader/Resource;)Ljava/lang/Class;' in 'java/net/URLClassLoader')}
  0x000001ccdf94db14: 48be 08d1 | 3bf4 cc01 

  0x000001ccdf94db1c: ;   {metadata('jdk/internal/perf/PerfCounter')}
  0x000001ccdf94db1c: 0000 49ba | 6036 1080 | cc01 0000 | 4c89 9618 | 0600 0048 | 8386 2006 | 0000 014c | 8b84 24f0 
  0x000001ccdf94db3c: ;   {optimized virtual_call}
  0x000001ccdf94db3c: 0000 00e8 

  0x000001ccdf94db40: ; ImmutableOopMap {[216]=Oop [232]=Oop [304]=Oop [312]=Oop }
                      ;*invokevirtual addElapsedTimeFrom {reexecute=0 rethrow=0 return_oop=0}
                      ; - java.net.URLClassLoader::defineClass@207
  0x000001ccdf94db40: 1c33 f5ff 

  0x000001ccdf94db44: ;   {other}
  0x000001ccdf94db44: 0f1f 8400 | 341c 0017 | 488b 8424 | 3001 0000 

  0x000001ccdf94db54: ; implicit exception: dispatches to 0x000001ccdf94e315
  0x000001ccdf94db54: 8b70 0c48 | 8b94 24e8 

  0x000001ccdf94db5c: ;   {metadata(method data for {method} {0x000001ccf40a44f0} 'defineClass' '(Ljava/lang/String;Ljdk/internal/loader/Resource;)Ljava/lang/Class;' in 'java/net/URLClassLoader')}
  0x000001ccdf94db5c: 0000 0049 | b808 d13b | f4cc 0100 | 0049 8380 | 4006 0000 | 014c 8b84 | 24d8 0000 | 004c 8bc8 
  0x000001ccdf94db7c: bf00 0000 | 0048 8b8c | 2438 0100 | 0048 8b94 | 24e8 0000 | 0066 0f1f 

  0x000001ccdf94db94: ;   {optimized virtual_call}
  0x000001ccdf94db94: 4400 00e8 

  0x000001ccdf94db98: ; ImmutableOopMap {}
                      ;*invokevirtual defineClass {reexecute=0 rethrow=0 return_oop=0}
                      ; - java.net.URLClassLoader::defineClass@220
  0x000001ccdf94db98: ee09 0000 

  0x000001ccdf94db9c: ;   {other}
  0x000001ccdf94db9c: 0f1f 8400 | 8c1c 0018 | 4881 c470 | 0100 005d 

  0x000001ccdf94dbac: ;   {poll_return}
  0x000001ccdf94dbac: 493b a750 | 0400 000f | 8761 0700 | 00c3 660f | 1f44 0000 

  0x000001ccdf94dbc0: ;   {no_reloc}
  0x000001ccdf94dbc0: e97a 0700 | 0000 0000 | 0000 80ba | 3101 0000 | 040f 8577 | 0700 0049 | 8b87 b801 | 0000 488d 
  0x000001ccdf94dbe0: 7828 493b | bfc8 0100 | 000f 875f | 0700 0049 | 89bf b801 | 0000 48c7 | 0001 0000 | 0048 8bca 
  0x000001ccdf94dc00: 49ba 0000 | 0080 cc01 | 0000 492b | ca89 4808 | 4833 c989 | 480c 4833 | c948 8948 | 1048 8948 
  0x000001ccdf94dc20: 1848 8948 | 2066 6690 

  0x000001ccdf94dc28: ;   {no_reloc}
  0x000001ccdf94dc28: e93d 0700 | 0000 0000 | 0000 4889 | 8424 4801 | 0000 498b | 87b8 0100 | 0048 8d78 | 1849 3bbf 
  0x000001ccdf94dc48: c801 0000 | 0f87 2207 | 0000 4989 | bfb8 0100 | 0048 c700 | 0100 0000 | 488b ca49 | ba00 0000 
  0x000001ccdf94dc68: 80cc 0100 | 0049 2bca | 8948 0848 | 33c9 8948 | 0c48 33c9 | 4889 4810 

  0x000001ccdf94dc80: ;   {metadata(method data for {method} {0x000001ccf40a44f0} 'defineClass' '(Ljava/lang/String;Ljdk/internal/loader/Resource;)Ljava/lang/Class;' in 'java/net/URLClassLoader')}
  0x000001ccdf94dc80: 4c8b c048 | ba08 d13b | f4cc 0100 | 0048 8382 | 9003 0000 

  0x000001ccdf94dc94: ;   {metadata(method data for {method} {0x000001cc80461cf8} '<init>' '()V' in 'java/lang/StringBuilder')}
  0x000001ccdf94dc94: 0149 b810 | af00 f4cc | 0100 0041 | 8b90 cc00 | 0000 83c2 | 0241 8990 | cc00 0000 | 81e2 feff 
  0x000001ccdf94dcb4: 1f00 85d2 | 0f84 c306 | 0000 4c8b 

  0x000001ccdf94dcc0: ;   {metadata(method data for {method} {0x000001cc80461cf8} '<init>' '()V' in 'java/lang/StringBuilder')}
  0x000001ccdf94dcc0: c048 ba10 | af00 f4cc | 0100 0048 | 8382 1001 | 0000 0141 | b810 0000 | 0048 8bd0 | 4889 8424 
  0x000001ccdf94dce0: 4001 0000 

  0x000001ccdf94dce4: ;   {optimized virtual_call}
  0x000001ccdf94dce4: 6666 90e8 

  0x000001ccdf94dce8: ; ImmutableOopMap {[256]=Oop [320]=Oop [328]=Oop }
                      ;*invokespecial <init> {reexecute=0 rethrow=0 return_oop=0}
                      ; - java.lang.StringBuilder::<init>@3
                      ; - java.net.URLClassLoader::defineClass@111
  0x000001ccdf94dce8: 940a 2b07 

  0x000001ccdf94dcec: ;   {other}
  0x000001ccdf94dcec: 0f1f 8400 | dc1d 0019 | 488b 8424 | 4001 0000 

  0x000001ccdf94dcfc: ;   {metadata(method data for {method} {0x000001ccf40a44f0} 'defineClass' '(Ljava/lang/String;Ljdk/internal/loader/Resource;)Ljava/lang/Class;' in 'java/net/URLClassLoader')}
  0x000001ccdf94dcfc: 49b8 08d1 | 3bf4 cc01 | 0000 4983 | 80a0 0300 

  0x000001ccdf94dd0c: ;   {metadata(method data for {method} {0x000001cc80461ae8} 'append' '(Ljava/lang/String;)Ljava/lang/StringBuilder;' in 'java/lang/StringBuilder')}
  0x000001ccdf94dd0c: 0001 49b8 | 90b2 00f4 | cc01 0000 | 418b 90cc | 0000 0083 | c202 4189 | 90cc 0000 | 0081 e2fe 
  0x000001ccdf94dd2c: ff1f 0085 | d20f 846b | 0600 0048 | 8b84 2440 

  0x000001ccdf94dd3c: ;   {metadata(method data for {method} {0x000001cc80461ae8} 'append' '(Ljava/lang/String;)Ljava/lang/StringBuilder;' in 'java/lang/StringBuilder')}
  0x000001ccdf94dd3c: 0100 0049 | b890 b200 | f4cc 0100 | 0049 8380 | 1001 0000 

  0x000001ccdf94dd50: ;   {oop("Cannot find package "{0x00000000d56f4b38})}
  0x000001ccdf94dd50: 0149 b838 | 4b6f d500 | 0000 0048 | 8b94 2440 | 0100 000f 

  0x000001ccdf94dd64: ;   {optimized virtual_call}
  0x000001ccdf94dd64: 1f40 00e8 

  0x000001ccdf94dd68: ; ImmutableOopMap {[256]=Oop [320]=Oop [328]=Oop }
                      ;*invokespecial append {reexecute=0 rethrow=0 return_oop=0}
                      ; - java.lang.StringBuilder::append@2
                      ; - java.net.URLClassLoader::defineClass@116
  0x000001ccdf94dd68: 140a 2b07 

  0x000001ccdf94dd6c: ;   {other}
  0x000001ccdf94dd6c: 0f1f 8400 | 5c1e 001a | 488b 8424 | 4001 0000 

  0x000001ccdf94dd7c: ;   {metadata(method data for {method} {0x000001ccf40a44f0} 'defineClass' '(Ljava/lang/String;Ljdk/internal/loader/Resource;)Ljava/lang/Class;' in 'java/net/URLClassLoader')}
  0x000001ccdf94dd7c: 49b8 08d1 | 3bf4 cc01 | 0000 4983 | 80d8 0300 

  0x000001ccdf94dd8c: ;   {metadata(method data for {method} {0x000001cc80461ae8} 'append' '(Ljava/lang/String;)Ljava/lang/StringBuilder;' in 'java/lang/StringBuilder')}
  0x000001ccdf94dd8c: 0001 49b8 | 90b2 00f4 | cc01 0000 | 418b 90cc | 0000 0083 | c202 4189 | 90cc 0000 | 0081 e2fe 
  0x000001ccdf94ddac: ff1f 0085 | d20f 840c | 0600 0048 | 8b84 2440 

  0x000001ccdf94ddbc: ;   {metadata(method data for {method} {0x000001cc80461ae8} 'append' '(Ljava/lang/String;)Ljava/lang/StringBuilder;' in 'java/lang/StringBuilder')}
  0x000001ccdf94ddbc: 0100 0049 | b890 b200 | f4cc 0100 | 0049 8380 | 1001 0000 | 014c 8b84 | 2400 0100 | 0048 8b94 
  0x000001ccdf94dddc: 2440 0100 | 0066 0f1f 

  0x000001ccdf94dde4: ;   {optimized virtual_call}
  0x000001ccdf94dde4: 4400 00e8 

  0x000001ccdf94dde8: ; ImmutableOopMap {[320]=Oop [328]=Oop }
                      ;*invokespecial append {reexecute=0 rethrow=0 return_oop=0}
                      ; - java.lang.StringBuilder::append@2
                      ; - java.net.URLClassLoader::defineClass@121
  0x000001ccdf94dde8: 9409 2b07 

  0x000001ccdf94ddec: ;   {other}
  0x000001ccdf94ddec: 0f1f 8400 | dc1e 001b | 488b 8424 | 4001 0000 

  0x000001ccdf94ddfc: ;   {metadata(method data for {method} {0x000001ccf40a44f0} 'defineClass' '(Ljava/lang/String;Ljdk/internal/loader/Resource;)Ljava/lang/Class;' in 'java/net/URLClassLoader')}
  0x000001ccdf94ddfc: 48ba 08d1 | 3bf4 cc01 | 0000 4883 | 8210 0400 

  0x000001ccdf94de0c: ;   {metadata(method data for {method} {0x000001cc80008958} 'toString' '()Ljava/lang/String;' in 'java/lang/StringBuilder')}
  0x000001ccdf94de0c: 0001 48ba | d8ba 00f4 | cc01 0000 | 8bb2 cc00 | 0000 83c6 | 0289 b2cc | 0000 0081 | e6fe ff1f 
  0x000001ccdf94de2c: 0085 f60f | 84af 0500 

  0x000001ccdf94de34: ;   {metadata('java/lang/String')}
  0x000001ccdf94de34: 0048 ba78 | e800 80cc | 0100 0049 | 8b87 b801 | 0000 488d | 7818 493b | bfc8 0100 | 000f 87ae 
  0x000001ccdf94de54: 0500 0049 | 89bf b801 | 0000 48c7 | 0001 0000 | 0048 8bca | 49ba 0000 | 0080 cc01 | 0000 492b 
  0x000001ccdf94de74: ca89 4808 | 4833 c989 | 480c 4833 | c948 8948 | 104c 8bc0 

  0x000001ccdf94de88: ;   {metadata(method data for {method} {0x000001cc80008958} 'toString' '()Ljava/lang/String;' in 'java/lang/StringBuilder')}
  0x000001ccdf94de88: 49b9 d8ba | 00f4 cc01 | 0000 4983 | 8110 0100 

  0x000001ccdf94de98: ;   {metadata(method data for {method} {0x000001cc80455dd8} '<init>' '(Ljava/lang/StringBuilder;)V' in 'java/lang/String')}
  0x000001ccdf94de98: 0001 49b8 | 20bc 00f4 | cc01 0000 | 458b 88cc | 0000 0041 | 83c1 0245 | 8988 cc00 | 0000 4181 
  0x000001ccdf94deb8: e1fe ff1f | 0045 85c9 | 0f84 4c05 | 0000 4c8b 

  0x000001ccdf94dec8: ;   {metadata(method data for {method} {0x000001cc80455dd8} '<init>' '(Ljava/lang/StringBuilder;)V' in 'java/lang/String')}
  0x000001ccdf94dec8: c049 b920 | bc00 f4cc | 0100 0049 | 8381 1001 | 0000 014c | 8b84 2440 

  0x000001ccdf94dee0: ;   {oop(nullptr)}
  0x000001ccdf94dee0: 0100 0049 | b900 0000 | 0000 0000 | 0048 8bd0 | 4889 8424 | 5001 0000 | 0f1f 8000 

  0x000001ccdf94defc: ;   {optimized virtual_call}
  0x000001ccdf94defc: 0000 00e8 

  0x000001ccdf94df00: ; ImmutableOopMap {[328]=Oop [336]=Oop }
                      ;*invokespecial <init> {reexecute=0 rethrow=0 return_oop=0}
                      ; - java.lang.String::<init>@3
                      ; - java.lang.StringBuilder::toString@5
                      ; - java.net.URLClassLoader::defineClass@124
  0x000001ccdf94df00: 7c08 2b07 

  0x000001ccdf94df04: ;   {other}
  0x000001ccdf94df04: 0f1f 8400 | f41f 001c | 488b 8424 | 4801 0000 

  0x000001ccdf94df14: ;   {metadata(method data for {method} {0x000001ccf40a44f0} 'defineClass' '(Ljava/lang/String;Ljdk/internal/loader/Resource;)Ljava/lang/Class;' in 'java/net/URLClassLoader')}
  0x000001ccdf94df14: 49b8 08d1 | 3bf4 cc01 | 0000 4983 | 8048 0400 | 0001 4c8b | 8424 5001 | 0000 488b | 9424 4801 
  0x000001ccdf94df34: ;   {optimized virtual_call}
  0x000001ccdf94df34: 0000 90e8 

  0x000001ccdf94df38: ; ImmutableOopMap {[328]=Oop }
                      ;*invokespecial <init> {reexecute=0 rethrow=0 return_oop=0}
                      ; - java.net.URLClassLoader::defineClass@127
  0x000001ccdf94df38: 4408 2b07 

  0x000001ccdf94df3c: ;   {other}
  0x000001ccdf94df3c: 0f1f 8400 | 2c20 001d | 488b 8424 | 4801 0000 | e915 0500 | 0049 8b87 | 0005 0000 | 4d33 d24d 
  0x000001ccdf94df5c: 8997 0005 | 0000 4d33 | d24d 8997 | 0805 0000 | 488b f048 | 8d84 2458 | 0100 0048 | 8b38 4885 
  0x000001ccdf94df7c: ff0f 840f | 0000 0048 | 8b58 08f0 | 480f b13b | 0f85 a104 | 0000 49ff | 8f50 0500 | 0048 8bc6 
  0x000001ccdf94df9c: e9c5 0400 

  0x000001ccdf94dfa0: ;   {metadata({method} {0x000001ccf40a44f0} 'defineClass' '(Ljava/lang/String;Ljdk/internal/loader/Resource;)Ljava/lang/Class;' in 'java/net/URLClassLoader')}
  0x000001ccdf94dfa0: 0049 bae8 | 440a f4cc | 0100 004c | 8954 2408 | 48c7 0424 | ffff ffff 

  0x000001ccdf94dfb8: ;   {runtime_call counter_overflow Runtime1 stub}
  0x000001ccdf94dfb8: e8c3 4136 

  0x000001ccdf94dfbc: ; ImmutableOopMap {rdx=Oop r8=Oop r9=Oop [216]=Oop [224]=Oop [232]=Oop }
                      ;*synchronization entry
                      ; - java.net.URLClassLoader::defineClass@-1
  0x000001ccdf94dfbc: 07e9 bce4 

  0x000001ccdf94dfc0: ;   {runtime_call throw_null_pointer_exception Runtime1 stub}
  0x000001ccdf94dfc0: ffff e8b9 

  0x000001ccdf94dfc4: ; ImmutableOopMap {r8=Oop [216]=Oop [224]=Oop [232]=Oop }
                      ;*invokevirtual lastIndexOf {reexecute=0 rethrow=0 return_oop=0}
                      ; - java.net.URLClassLoader::defineClass@7
                      ;   {metadata({method} {0x000001cc80453d30} 'lastIndexOf' '(I)I' in 'java/lang/String')}
  0x000001ccdf94dfc4: e735 0749 | ba28 3d45 | 80cc 0100 | 004c 8954 | 2408 48c7 | 0424 ffff 

  0x000001ccdf94dfdc: ;   {runtime_call counter_overflow Runtime1 stub}
  0x000001ccdf94dfdc: ffff e89d 

  0x000001ccdf94dfe0: ; ImmutableOopMap {r8=Oop [216]=Oop [224]=Oop [232]=Oop }
                      ;*synchronization entry
                      ; - java.lang.String::lastIndexOf@-1
                      ; - java.net.URLClassLoader::defineClass@7
  0x000001ccdf94dfe0: 4136 07e9 | 0be5 ffff 

  0x000001ccdf94dfe8: ;   {metadata({method} {0x000001cc8000ee90} 'length' '()I' in 'java/lang/String')}
  0x000001ccdf94dfe8: 49ba 88ee | 0080 cc01 | 0000 4c89 | 5424 0848 | c704 24ff 

  0x000001ccdf94dffc: ;   {runtime_call counter_overflow Runtime1 stub}
  0x000001ccdf94dffc: ffff ffe8 

  0x000001ccdf94e000: ; ImmutableOopMap {r8=Oop [216]=Oop [224]=Oop [232]=Oop }
                      ;*synchronization entry
                      ; - java.lang.String::length@-1
                      ; - java.lang.String::lastIndexOf@3
                      ; - java.net.URLClassLoader::defineClass@7
  0x000001ccdf94e000: 7c41 3607 | e926 e5ff 

  0x000001ccdf94e008: ;   {runtime_call throw_null_pointer_exception Runtime1 stub}
  0x000001ccdf94e008: ffe8 72e7 

  0x000001ccdf94e00c: ; ImmutableOopMap {r8=Oop rsi=Oop [216]=Oop [224]=Oop [232]=Oop }
                      ;*arraylength {reexecute=0 rethrow=0 return_oop=0}
                      ; - java.lang.String::length@4
                      ; - java.lang.String::lastIndexOf@3
                      ; - java.net.URLClassLoader::defineClass@7
                      ;   {metadata({method} {0x000001cc80455018} 'coder' '()B' in 'java/lang/String')}
  0x000001ccdf94e00c: 3507 49ba | 1050 4580 | cc01 0000 | 4c89 5424 | 0848 c704 | 24ff ffff 

  0x000001ccdf94e024: ;   {runtime_call counter_overflow Runtime1 stub}
  0x000001ccdf94e024: ffe8 5641 

  0x000001ccdf94e028: ; ImmutableOopMap {r8=Oop rsi=Oop [216]=Oop [224]=Oop [232]=Oop }
                      ;*synchronization entry
                      ; - java.lang.String::coder@-1
                      ; - java.lang.String::length@6
                      ; - java.lang.String::lastIndexOf@3
                      ; - java.net.URLClassLoader::defineClass@7
  0x000001ccdf94e028: 3607 e948 

  0x000001ccdf94e02c: ;   {metadata({method} {0x000001cc80453c80} 'lastIndexOf' '(II)I' in 'java/lang/String')}
  0x000001ccdf94e02c: e5ff ff49 | ba78 3c45 | 80cc 0100 | 004c 8954 | 2408 48c7 | 0424 ffff 

  0x000001ccdf94e044: ;   {runtime_call counter_overflow Runtime1 stub}
  0x000001ccdf94e044: ffff e835 

  0x000001ccdf94e048: ; ImmutableOopMap {r8=Oop rsi=Oop [216]=Oop [224]=Oop [232]=Oop }
                      ;*synchronization entry
                      ; - java.lang.String::lastIndexOf@-1
                      ; - java.lang.String::lastIndexOf@8
                      ; - java.net.URLClassLoader::defineClass@7
  0x000001ccdf94e048: 4136 07e9 | 98e5 ffff 

  0x000001ccdf94e050: ;   {metadata({method} {0x000001cc80454410} 'isLatin1' '()Z' in 'java/lang/String')}
  0x000001ccdf94e050: 49ba 0844 | 4580 cc01 | 0000 4c89 | 5424 0848 | c704 24ff 

  0x000001ccdf94e064: ;   {runtime_call counter_overflow Runtime1 stub}
  0x000001ccdf94e064: ffff ffe8 

  0x000001ccdf94e068: ; ImmutableOopMap {r8=Oop rsi=Oop [216]=Oop [224]=Oop [232]=Oop }
                      ;*synchronization entry
                      ; - java.lang.String::isLatin1@-1
                      ; - java.lang.String::lastIndexOf@1
                      ; - java.lang.String::lastIndexOf@8
                      ; - java.net.URLClassLoader::defineClass@7
  0x000001ccdf94e068: 1441 3607 | e9b3 e5ff 

  0x000001ccdf94e070: ;   {runtime_call throw_null_pointer_exception Runtime1 stub}
  0x000001ccdf94e070: ffe8 0ae7 

  0x000001ccdf94e074: ; ImmutableOopMap {r9=Oop [216]=Oop [224]=Oop [232]=Oop }
                      ;*invokevirtual getCodeSourceURL {reexecute=0 rethrow=0 return_oop=0}
                      ; - java.net.URLClassLoader::defineClass@13
                      ;   {metadata({method} {0x000001cc80212970} 'getCodeSourceURL' '()Ljava/net/URL;' in 'jdk/internal/loader/URLClassPath$JarLoader$2')}
  0x000001ccdf94e074: 3507 49ba | 6829 2180 | cc01 0000 | 4c89 5424 | 0848 c704 | 24ff ffff 

  0x000001ccdf94e08c: ;   {runtime_call counter_overflow Runtime1 stub}
  0x000001ccdf94e08c: ffe8 ee40 

  0x000001ccdf94e090: ; ImmutableOopMap {r9=Oop [216]=Oop [224]=Oop [232]=Oop }
                      ;*synchronization entry
                      ; - jdk.internal.loader.URLClassPath$JarLoader$2::getCodeSourceURL@-1
                      ; - java.net.URLClassLoader::defineClass@13
  0x000001ccdf94e090: 3607 e9e7 

  0x000001ccdf94e094: ;   {runtime_call throw_null_pointer_exception Runtime1 stub}
  0x000001ccdf94e094: e6ff ffe8 

  0x000001ccdf94e098: ; ImmutableOopMap {r9=Oop [216]=Oop [224]=Oop [232]=Oop }
                      ;*getfield csu {reexecute=1 rethrow=0 return_oop=0}
                      ; - (reexecute) jdk.internal.loader.URLClassPath$JarLoader$2::getCodeSourceURL@4
                      ; - java.net.URLClassLoader::defineClass@13
  0x000001ccdf94e098: e4e6 3507 

  0x000001ccdf94e09c: ;   {metadata({method} {0x000001cc802129c8} 'getManifest' '()Ljava/util/jar/Manifest;' in 'jdk/internal/loader/URLClassPath$JarLoader$2')}
  0x000001ccdf94e09c: 49ba c029 | 2180 cc01 | 0000 4c89 | 5424 0848 | c704 24ff 

  0x000001ccdf94e0b0: ;   {runtime_call counter_overflow Runtime1 stub}
  0x000001ccdf94e0b0: ffff ffe8 

  0x000001ccdf94e0b4: ; ImmutableOopMap {rax=Oop [216]=Oop [224]=Oop [232]=Oop [248]=Oop [256]=Oop }
                      ;*synchronization entry
                      ; - jdk.internal.loader.URLClassPath$JarLoader$2::getManifest@-1
                      ; - java.net.URLClassLoader::defineClass@34
  0x000001ccdf94e0b4: c840 3607 | e999 e7ff 

  0x000001ccdf94e0bc: ;   {metadata({method} {0x000001cc80473d98} 'javaUtilJarAccess' '()Ljdk/internal/access/JavaUtilJarAccess;' in 'jdk/internal/access/SharedSecrets')}
  0x000001ccdf94e0bc: ff49 ba90 | 3d47 80cc | 0100 004c | 8954 2408 | 48c7 0424 | ffff ffff 

  0x000001ccdf94e0d4: ;   {runtime_call counter_overflow Runtime1 stub}
  0x000001ccdf94e0d4: e8a7 4036 

  0x000001ccdf94e0d8: ; ImmutableOopMap {rax=Oop [216]=Oop [224]=Oop [232]=Oop [248]=Oop [256]=Oop }
                      ;*synchronization entry
                      ; - jdk.internal.access.SharedSecrets::javaUtilJarAccess@-1
                      ; - jdk.internal.loader.URLClassPath$JarLoader$2::getManifest@0
                      ; - java.net.URLClassLoader::defineClass@34
  0x000001ccdf94e0d8: 07e9 b1e7 

  0x000001ccdf94e0dc: ;   {metadata({method} {0x000001cc80474058} 'ensureClassInitialized' '(Ljava/lang/Class;)V' in 'jdk/internal/access/SharedSecrets')}
  0x000001ccdf94e0dc: ffff 49ba | 5040 4780 | cc01 0000 | 4c89 5424 | 0848 c704 | 24ff ffff 

  0x000001ccdf94e0f4: ;   {runtime_call counter_overflow Runtime1 stub}
  0x000001ccdf94e0f4: ffe8 8640 

  0x000001ccdf94e0f8: ; ImmutableOopMap {[216]=Oop [224]=Oop [232]=Oop [248]=Oop [256]=Oop }
                      ;*synchronization entry
                      ; - jdk.internal.access.SharedSecrets::ensureClassInitialized@-1
                      ; - jdk.internal.access.SharedSecrets::javaUtilJarAccess@10
                      ; - jdk.internal.loader.URLClassPath$JarLoader$2::getManifest@0
                      ; - java.net.URLClassLoader::defineClass@34
  0x000001ccdf94e0f8: 3607 e908 

  0x000001ccdf94e0fc: ;   {metadata({method} {0x000001cc803f0a98} 'lookup' '()Ljava/lang/invoke/MethodHandles$Lookup;' in 'java/lang/invoke/MethodHandles')}
  0x000001ccdf94e0fc: e8ff ff49 | ba90 0a3f | 80cc 0100 | 004c 8954 | 2408 48c7 | 0424 ffff 

  0x000001ccdf94e114: ;   {runtime_call counter_overflow Runtime1 stub}
  0x000001ccdf94e114: ffff e865 

  0x000001ccdf94e118: ; ImmutableOopMap {[216]=Oop [224]=Oop [232]=Oop [248]=Oop [256]=Oop }
                      ;*synchronization entry
                      ; - java.lang.invoke.MethodHandles::lookup@-1
                      ; - jdk.internal.access.SharedSecrets::ensureClassInitialized@0
                      ; - jdk.internal.access.SharedSecrets::javaUtilJarAccess@10
                      ; - jdk.internal.loader.URLClassPath$JarLoader$2::getManifest@0
                      ; - java.net.URLClassLoader::defineClass@34
  0x000001ccdf94e118: 4036 07e9 | 20e8 ffff 

  0x000001ccdf94e120: ;   {runtime_call fast_new_instance Runtime1 stub}
  0x000001ccdf94e120: 488b d2e8 

  0x000001ccdf94e124: ; ImmutableOopMap {r8=Oop [216]=Oop [224]=Oop [232]=Oop [248]=Oop [256]=Oop }
                      ;*new {reexecute=0 rethrow=0 return_oop=0}
                      ; - java.lang.invoke.MethodHandles::lookup@18
                      ; - jdk.internal.access.SharedSecrets::ensureClassInitialized@0
                      ; - jdk.internal.access.SharedSecrets::javaUtilJarAccess@10
                      ; - jdk.internal.loader.URLClassPath$JarLoader$2::getManifest@0
                      ; - java.net.URLClassLoader::defineClass@34
  0x000001ccdf94e124: 58ef 3507 | e9bd e8ff 

  0x000001ccdf94e12c: ;   {metadata({method} {0x000001cc803e21b0} '<init>' '(Ljava/lang/Class;)V' in 'java/lang/invoke/MethodHandles$Lookup')}
  0x000001ccdf94e12c: ff49 baa8 | 213e 80cc | 0100 004c | 8954 2408 | 48c7 0424 | ffff ffff 

  0x000001ccdf94e144: ;   {runtime_call counter_overflow Runtime1 stub}
  0x000001ccdf94e144: e837 4036 

  0x000001ccdf94e148: ; ImmutableOopMap {r8=Oop rax=Oop [216]=Oop [224]=Oop [232]=Oop [248]=Oop [256]=Oop }
                      ;*synchronization entry
                      ; - java.lang.invoke.MethodHandles$Lookup::<init>@-1
                      ; - java.lang.invoke.MethodHandles::lookup@23
                      ; - jdk.internal.access.SharedSecrets::ensureClassInitialized@0
                      ; - jdk.internal.access.SharedSecrets::javaUtilJarAccess@10
                      ; - jdk.internal.loader.URLClassPath$JarLoader$2::getManifest@0
                      ; - java.net.URLClassLoader::defineClass@34
  0x000001ccdf94e148: 07e9 dae8 

  0x000001ccdf94e14c: ;   {metadata(nullptr)}
  0x000001ccdf94e14c: ffff 48ba | 0000 0000 | 0000 0000 | b800 0f05 

  0x000001ccdf94e15c: ;   {runtime_call load_klass_patching Runtime1 stub}
  0x000001ccdf94e15c: 0ae8 9e2c 

  0x000001ccdf94e160: ; ImmutableOopMap {[216]=Oop [224]=Oop [232]=Oop [248]=Oop [256]=Oop }
                      ;*new {reexecute=1 rethrow=0 return_oop=0}
                      ; - (reexecute) java.lang.invoke.MethodHandles::lookup@8
                      ; - jdk.internal.access.SharedSecrets::ensureClassInitialized@0
                      ; - jdk.internal.access.SharedSecrets::javaUtilJarAccess@10
                      ; - jdk.internal.loader.URLClassPath$JarLoader$2::getManifest@0
                      ; - java.net.URLClassLoader::defineClass@34
  0x000001ccdf94e160: 3607 e951 | e9ff ff48 

  0x000001ccdf94e168: ;   {runtime_call new_instance Runtime1 stub}
  0x000001ccdf94e168: 8bd2 e811 

  0x000001ccdf94e16c: ; ImmutableOopMap {[216]=Oop [224]=Oop [232]=Oop [248]=Oop [256]=Oop }
                      ;*new {reexecute=0 rethrow=0 return_oop=0}
                      ; - java.lang.invoke.MethodHandles::lookup@8
                      ; - jdk.internal.access.SharedSecrets::ensureClassInitialized@0
                      ; - jdk.internal.access.SharedSecrets::javaUtilJarAccess@10
                      ; - jdk.internal.loader.URLClassPath$JarLoader$2::getManifest@0
                      ; - java.net.URLClassLoader::defineClass@34
  0x000001ccdf94e16c: ec35 07e9 | 53e9 ffff 

  0x000001ccdf94e174: ;   {runtime_call throw_null_pointer_exception Runtime1 stub}
  0x000001ccdf94e174: e807 e635 

  0x000001ccdf94e178: ; ImmutableOopMap {rsi=Oop r9=Oop [216]=Oop [224]=Oop [232]=Oop [248]=Oop [256]=Oop }
                      ;*getfield jar {reexecute=1 rethrow=0 return_oop=0}
                      ; - (reexecute) jdk.internal.loader.URLClassPath$JarLoader$2::getManifest@7
                      ; - java.net.URLClassLoader::defineClass@34
                      ;   {runtime_call throw_incompatible_class_change_error Runtime1 stub}
  0x000001ccdf94e178: 07e8 020d 

  0x000001ccdf94e17c: ; ImmutableOopMap {rsi=Oop r9=Oop rdx=Oop [216]=Oop [224]=Oop [232]=Oop [248]=Oop [256]=Oop }
                      ;*invokeinterface ensureInitialization {reexecute=0 rethrow=0 return_oop=0}
                      ; - jdk.internal.loader.URLClassPath$JarLoader$2::getManifest@10
                      ; - java.net.URLClassLoader::defineClass@34
                      ;   {runtime_call throw_null_pointer_exception Runtime1 stub}
  0x000001ccdf94e17c: 3607 e8fd 

  0x000001ccdf94e180: ; ImmutableOopMap {rsi=Oop r9=Oop rdx=Oop [216]=Oop [224]=Oop [232]=Oop [248]=Oop [256]=Oop }
                      ;*invokeinterface ensureInitialization {reexecute=0 rethrow=0 return_oop=0}
                      ; - jdk.internal.loader.URLClassPath$JarLoader$2::getManifest@10
                      ; - java.net.URLClassLoader::defineClass@34
                      ;   {metadata({method} {0x000001cc80315f40} 'ensureInitialization' '(Ljava/util/jar/JarFile;)V' in 'java/util/jar/JavaUtilJarAccessImpl')}
  0x000001ccdf94e180: e535 0749 | ba38 5f31 | 80cc 0100 | 004c 8954 | 2408 48c7 | 0424 ffff 

  0x000001ccdf94e198: ;   {runtime_call counter_overflow Runtime1 stub}
  0x000001ccdf94e198: ffff e8e1 

  0x000001ccdf94e19c: ; ImmutableOopMap {r9=Oop rdx=Oop [216]=Oop [224]=Oop [232]=Oop [248]=Oop [256]=Oop }
                      ;*synchronization entry
                      ; - java.util.jar.JavaUtilJarAccessImpl::ensureInitialization@-1
                      ; - jdk.internal.loader.URLClassPath$JarLoader$2::getManifest@10
                      ; - java.net.URLClassLoader::defineClass@34
  0x000001ccdf94e19c: 3f36 07e9 | 37ea ffff 

  0x000001ccdf94e1a4: ;   {runtime_call throw_null_pointer_exception Runtime1 stub}
  0x000001ccdf94e1a4: e8d7 e535 

  0x000001ccdf94e1a8: ; ImmutableOopMap {r9=Oop rdx=Oop [216]=Oop [224]=Oop [232]=Oop [248]=Oop [256]=Oop }
                      ;*invokevirtual ensureInitialization {reexecute=0 rethrow=0 return_oop=0}
                      ; - java.util.jar.JavaUtilJarAccessImpl::ensureInitialization@1
                      ; - jdk.internal.loader.URLClassPath$JarLoader$2::getManifest@10
                      ; - java.net.URLClassLoader::defineClass@34
                      ;   {runtime_call throw_null_pointer_exception Runtime1 stub}
  0x000001ccdf94e1a8: 07e8 d2e5 

  0x000001ccdf94e1ac: ; ImmutableOopMap {r9=Oop [216]=Oop [224]=Oop [232]=Oop [248]=Oop [256]=Oop }
                      ;*getfield jar {reexecute=1 rethrow=0 return_oop=0}
                      ; - (reexecute) jdk.internal.loader.URLClassPath$JarLoader$2::getManifest@19
                      ; - java.net.URLClassLoader::defineClass@34
                      ;   {runtime_call throw_null_pointer_exception Runtime1 stub}
  0x000001ccdf94e1ac: 3507 e8cd 

  0x000001ccdf94e1b0: ; ImmutableOopMap {r9=Oop rdx=Oop [216]=Oop [224]=Oop [232]=Oop [248]=Oop [256]=Oop }
                      ;*invokevirtual getManifest {reexecute=0 rethrow=0 return_oop=0}
                      ; - jdk.internal.loader.URLClassPath$JarLoader$2::getManifest@22
                      ; - java.net.URLClassLoader::defineClass@34
                      ;   {metadata({method} {0x000001cc8016ff28} 'getByteBuffer' '()Ljava/nio/ByteBuffer;' in 'jdk/internal/loader/Resource')}
  0x000001ccdf94e1b0: e535 0749 | ba20 ff16 | 80cc 0100 | 004c 8954 | 2408 48c7 | 0424 ffff 

  0x000001ccdf94e1c8: ;   {runtime_call counter_overflow Runtime1 stub}
  0x000001ccdf94e1c8: ffff e8b1 

  0x000001ccdf94e1cc: ; ImmutableOopMap {r9=Oop [216]=Oop [224]=Oop [232]=Oop [248]=Oop }
                      ;*synchronization entry
                      ; - jdk.internal.loader.Resource::getByteBuffer@-1
                      ; - java.net.URLClassLoader::defineClass@132
  0x000001ccdf94e1cc: 3f36 07e9 | 76ef ffff | 4c89 4c24 | 084c 8904 

  0x000001ccdf94e1dc: ;   {runtime_call monitorenter_nofpu Runtime1 stub}
  0x000001ccdf94e1dc: 24e8 9e1b 

  0x000001ccdf94e1e0: ; ImmutableOopMap {r9=Oop [216]=Oop [224]=Oop [232]=Oop [248]=Oop [352]=Oop }
                      ;*synchronization entry
                      ; - jdk.internal.loader.Resource::cachedInputStream@-1
                      ; - jdk.internal.loader.Resource::getByteBuffer@1
                      ; - java.net.URLClassLoader::defineClass@132
  0x000001ccdf94e1e0: 3607 e9b2 

  0x000001ccdf94e1e4: ;   {metadata({method} {0x000001cc801701e8} 'cachedInputStream' '()Ljava/io/InputStream;' in 'jdk/internal/loader/Resource')}
  0x000001ccdf94e1e4: efff ff49 | bae0 0117 | 80cc 0100 | 004c 8954 | 2408 48c7 | 0424 ffff 

  0x000001ccdf94e1fc: ;   {runtime_call counter_overflow Runtime1 stub}
  0x000001ccdf94e1fc: ffff e87d 

  0x000001ccdf94e200: ; ImmutableOopMap {r9=Oop [216]=Oop [224]=Oop [232]=Oop [248]=Oop [352]=Oop }
                      ;*synchronization entry
                      ; - jdk.internal.loader.Resource::cachedInputStream@-1
                      ; - jdk.internal.loader.Resource::getByteBuffer@1
                      ; - java.net.URLClassLoader::defineClass@132
  0x000001ccdf94e200: 3f36 07e9 | baef ffff 

  0x000001ccdf94e208: ;   {metadata({method} {0x000001cc80212918} 'getInputStream' '()Ljava/io/InputStream;' in 'jdk/internal/loader/URLClassPath$JarLoader$2')}
  0x000001ccdf94e208: 49ba 1029 | 2180 cc01 | 0000 4c89 | 5424 0848 | c704 24ff 

  0x000001ccdf94e21c: ;   {runtime_call counter_overflow Runtime1 stub}
  0x000001ccdf94e21c: ffff ffe8 

  0x000001ccdf94e220: ; ImmutableOopMap {r9=Oop [216]=Oop [224]=Oop [232]=Oop [248]=Oop [352]=Oop }
                      ;*synchronization entry
                      ; - jdk.internal.loader.URLClassPath$JarLoader$2::getInputStream@-1
                      ; - jdk.internal.loader.Resource::cachedInputStream@9
                      ; - jdk.internal.loader.Resource::getByteBuffer@1
                      ; - java.net.URLClassLoader::defineClass@132
  0x000001ccdf94e220: 5c3f 3607 | e90a f0ff 

  0x000001ccdf94e228: ;   {runtime_call throw_null_pointer_exception Runtime1 stub}
  0x000001ccdf94e228: ffe8 52e5 

  0x000001ccdf94e22c: ; ImmutableOopMap {r9=Oop [216]=Oop [224]=Oop [232]=Oop [248]=Oop [352]=Oop }
                      ;*getfield jar {reexecute=1 rethrow=0 return_oop=0}
                      ; - (reexecute) jdk.internal.loader.URLClassPath$JarLoader$2::getInputStream@4
                      ; - jdk.internal.loader.Resource::cachedInputStream@9
                      ; - jdk.internal.loader.Resource::getByteBuffer@1
                      ; - java.net.URLClassLoader::defineClass@132
                      ;   {runtime_call throw_null_pointer_exception Runtime1 stub}
  0x000001ccdf94e22c: 3507 e84d 

  0x000001ccdf94e230: ; ImmutableOopMap {r9=Oop rdx=Oop r8=Oop [216]=Oop [224]=Oop [232]=Oop [248]=Oop [352]=Oop }
                      ;*invokevirtual getInputStream {reexecute=0 rethrow=0 return_oop=0}
                      ; - jdk.internal.loader.URLClassPath$JarLoader$2::getInputStream@11
                      ; - jdk.internal.loader.Resource::cachedInputStream@9
                      ; - jdk.internal.loader.Resource::getByteBuffer@1
                      ; - java.net.URLClassLoader::defineClass@132
  0x000001ccdf94e230: e535 0748 | 8d84 2458 | 0100 0048 

  0x000001ccdf94e23c: ;   {runtime_call monitorexit_nofpu Runtime1 stub}
  0x000001ccdf94e23c: 8904 24e8 | 3c21 3607 | e9ed f0ff | ff48 8914 

  0x000001ccdf94e24c: ;   {runtime_call throw_class_cast_exception Runtime1 stub}
  0x000001ccdf94e24c: 24e8 2e09 

  0x000001ccdf94e250: ; ImmutableOopMap {[216]=Oop [224]=Oop [232]=Oop [248]=Oop }
                      ;*checkcast {reexecute=0 rethrow=0 return_oop=0}
                      ; - jdk.internal.loader.Resource::getByteBuffer@13
                      ; - java.net.URLClassLoader::defineClass@132
                      ;   {runtime_call throw_null_pointer_exception Runtime1 stub}
  0x000001ccdf94e250: 3607 e829 

  0x000001ccdf94e254: ; ImmutableOopMap {rdx=Oop [216]=Oop [224]=Oop [232]=Oop [248]=Oop }
                      ;*invokeinterface getByteBuffer {reexecute=0 rethrow=0 return_oop=0}
                      ; - jdk.internal.loader.Resource::getByteBuffer@16
                      ; - java.net.URLClassLoader::defineClass@132
                      ;   {metadata({method} {0x000001cc80212a20} 'getCodeSigners' '()[Ljava/security/CodeSigner;' in 'jdk/internal/loader/URLClassPath$JarLoader$2')}
  0x000001ccdf94e254: e535 0749 | ba18 2a21 | 80cc 0100 | 004c 8954 | 2408 48c7 | 0424 ffff 

  0x000001ccdf94e26c: ;   {runtime_call counter_overflow Runtime1 stub}
  0x000001ccdf94e26c: ffff e80d 

  0x000001ccdf94e270: ; ImmutableOopMap {r9=Oop [216]=Oop [224]=Oop [232]=Oop [248]=Oop [288]=Oop }
                      ;*synchronization entry
                      ; - jdk.internal.loader.URLClassPath$JarLoader$2::getCodeSigners@-1
                      ; - java.net.URLClassLoader::defineClass@143
  0x000001ccdf94e270: 3f36 07e9 | 47f4 ffff 

  0x000001ccdf94e278: ;   {runtime_call throw_null_pointer_exception Runtime1 stub}
  0x000001ccdf94e278: e803 e535 

  0x000001ccdf94e27c: ; ImmutableOopMap {rdx=Oop [216]=Oop [232]=Oop [248]=Oop [288]=Oop }
                      ;*invokevirtual getCodeSigners {reexecute=0 rethrow=0 return_oop=0}
                      ; - jdk.internal.loader.URLClassPath$JarLoader$2::getCodeSigners@4
                      ; - java.net.URLClassLoader::defineClass@143
  0x000001ccdf94e27c: 0748 8bd2 

  0x000001ccdf94e280: ;   {runtime_call fast_new_instance Runtime1 stub}
  0x000001ccdf94e280: e8fb ed35 

  0x000001ccdf94e284: ; ImmutableOopMap {r9=Oop [216]=Oop [232]=Oop [248]=Oop [288]=Oop }
                      ;*new {reexecute=0 rethrow=0 return_oop=0}
                      ; - java.net.URLClassLoader::defineClass@148
  0x000001ccdf94e284: 07e9 45f5 

  0x000001ccdf94e288: ;   {metadata({method} {0x000001cc801042a8} 'getReadClassBytesTime' '()Ljdk/internal/perf/PerfCounter;' in 'jdk/internal/perf/PerfCounter')}
  0x000001ccdf94e288: ffff 49ba | a042 1080 | cc01 0000 | 4c89 5424 | 0848 c704 | 24ff ffff 

  0x000001ccdf94e2a0: ;   {runtime_call counter_overflow Runtime1 stub}
  0x000001ccdf94e2a0: ffe8 da3e 

  0x000001ccdf94e2a4: ; ImmutableOopMap {[216]=Oop [232]=Oop [288]=Oop [296]=Oop }
                      ;*synchronization entry
                      ; - jdk.internal.perf.PerfCounter::getReadClassBytesTime@-1
                      ; - java.net.URLClassLoader::defineClass@161
  0x000001ccdf94e2a4: 3607 e994 

  0x000001ccdf94e2a8: ;   {internal_word}
  0x000001ccdf94e2a8: f5ff ff49 | bad4 d894 | dfcc 0100 | 004d 8997 | 6804 0000 

  0x000001ccdf94e2bc: ;   {runtime_call SafepointBlob}
  0x000001ccdf94e2bc: e9bf 632b 

  0x000001ccdf94e2c0: ;   {metadata({method} {0x000001cc80212a20} 'getCodeSigners' '()[Ljava/security/CodeSigner;' in 'jdk/internal/loader/URLClassPath$JarLoader$2')}
  0x000001ccdf94e2c0: 0749 ba18 | 2a21 80cc | 0100 004c | 8954 2408 | 48c7 0424 | ffff ffff 

  0x000001ccdf94e2d8: ;   {runtime_call counter_overflow Runtime1 stub}
  0x000001ccdf94e2d8: e8a3 3e36 

  0x000001ccdf94e2dc: ; ImmutableOopMap {rax=Oop [216]=Oop [224]=Oop [232]=Oop [248]=Oop }
                      ;*synchronization entry
                      ; - jdk.internal.loader.URLClassPath$JarLoader$2::getCodeSigners@-1
                      ; - java.net.URLClassLoader::defineClass@185
  0x000001ccdf94e2dc: 07e9 94f6 

  0x000001ccdf94e2e0: ;   {runtime_call throw_null_pointer_exception Runtime1 stub}
  0x000001ccdf94e2e0: ffff e899 

  0x000001ccdf94e2e4: ; ImmutableOopMap {rax=Oop rdx=Oop [216]=Oop [232]=Oop [248]=Oop }
                      ;*invokevirtual getCodeSigners {reexecute=0 rethrow=0 return_oop=0}
                      ; - jdk.internal.loader.URLClassPath$JarLoader$2::getCodeSigners@4
                      ; - java.net.URLClassLoader::defineClass@185
  0x000001ccdf94e2e4: e435 0748 

  0x000001ccdf94e2e8: ;   {runtime_call fast_new_instance Runtime1 stub}
  0x000001ccdf94e2e8: 8bd2 e891 

  0x000001ccdf94e2ec: ; ImmutableOopMap {r9=Oop [216]=Oop [232]=Oop [248]=Oop [304]=Oop }
                      ;*new {reexecute=0 rethrow=0 return_oop=0}
                      ; - java.net.URLClassLoader::defineClass@190
  0x000001ccdf94e2ec: ed35 07e9 | a3f7 ffff 

  0x000001ccdf94e2f4: ;   {metadata({method} {0x000001cc801042a8} 'getReadClassBytesTime' '()Ljdk/internal/perf/PerfCounter;' in 'jdk/internal/perf/PerfCounter')}
  0x000001ccdf94e2f4: 49ba a042 | 1080 cc01 | 0000 4c89 | 5424 0848 | c704 24ff 

  0x000001ccdf94e308: ;   {runtime_call counter_overflow Runtime1 stub}
  0x000001ccdf94e308: ffff ffe8 

  0x000001ccdf94e30c: ; ImmutableOopMap {[216]=Oop [232]=Oop [304]=Oop [312]=Oop }
                      ;*synchronization entry
                      ; - jdk.internal.perf.PerfCounter::getReadClassBytesTime@-1
                      ; - java.net.URLClassLoader::defineClass@203
  0x000001ccdf94e30c: 703e 3607 | e9f2 f7ff 

  0x000001ccdf94e314: ;   {runtime_call throw_null_pointer_exception Runtime1 stub}
  0x000001ccdf94e314: ffe8 66e4 

  0x000001ccdf94e318: ; ImmutableOopMap {rax=Oop [216]=Oop [232]=Oop [312]=Oop }
                      ;*arraylength {reexecute=0 rethrow=0 return_oop=0}
                      ; - java.net.URLClassLoader::defineClass@217
                      ;   {internal_word}
  0x000001ccdf94e318: 3507 49ba | acdb 94df | cc01 0000 | 4d89 9768 

  0x000001ccdf94e328: ;   {runtime_call SafepointBlob}
  0x000001ccdf94e328: 0400 00e9 | 5063 2b07 

  0x000001ccdf94e330: ;   {metadata(nullptr)}
  0x000001ccdf94e330: 48ba 0000 | 0000 0000 | 0000 b800 

  0x000001ccdf94e33c: ;   {runtime_call load_klass_patching Runtime1 stub}
  0x000001ccdf94e33c: 0f05 0ae8 

  0x000001ccdf94e340: ; ImmutableOopMap {[256]=Oop }
                      ;*new {reexecute=1 rethrow=0 return_oop=0}
                      ; - (reexecute) java.net.URLClassLoader::defineClass@103
  0x000001ccdf94e340: bc2a 3607 | e977 f8ff 

  0x000001ccdf94e348: ;   {runtime_call throw_null_pointer_exception Runtime1 stub}
  0x000001ccdf94e348: ffe8 32e4 

  0x000001ccdf94e34c: ; ImmutableOopMap {[256]=Oop }
                      ;*new {reexecute=0 rethrow=0 return_oop=0}
                      ; - java.net.URLClassLoader::defineClass@103
  0x000001ccdf94e34c: 3507 488b 

  0x000001ccdf94e350: ;   {runtime_call fast_new_instance_init_check Runtime1 stub}
  0x000001ccdf94e350: d2e8 2af0 

  0x000001ccdf94e354: ; ImmutableOopMap {[256]=Oop }
                      ;*new {reexecute=0 rethrow=0 return_oop=0}
                      ; - java.net.URLClassLoader::defineClass@103
  0x000001ccdf94e354: 3507 e9ca 

  0x000001ccdf94e358: ;   {metadata(nullptr)}
  0x000001ccdf94e358: f8ff ff48 | ba00 0000 | 0000 0000 | 00b8 000f 

  0x000001ccdf94e368: ;   {runtime_call load_klass_patching Runtime1 stub}
  0x000001ccdf94e368: 050a e891 

  0x000001ccdf94e36c: ; ImmutableOopMap {rax=Oop [256]=Oop }
                      ;*new {reexecute=1 rethrow=0 return_oop=0}
                      ; - (reexecute) java.net.URLClassLoader::defineClass@107
  0x000001ccdf94e36c: 2a36 07e9 | b4f8 ffff 

  0x000001ccdf94e374: ;   {runtime_call fast_new_instance Runtime1 stub}
  0x000001ccdf94e374: 488b d2e8 

  0x000001ccdf94e378: ; ImmutableOopMap {[256]=Oop [328]=Oop }
                      ;*new {reexecute=0 rethrow=0 return_oop=0}
                      ; - java.net.URLClassLoader::defineClass@107
  0x000001ccdf94e378: 04ed 3507 | e9ff f8ff 

  0x000001ccdf94e380: ;   {metadata({method} {0x000001cc80461cf8} '<init>' '()V' in 'java/lang/StringBuilder')}
  0x000001ccdf94e380: ff49 baf0 | 1c46 80cc | 0100 004c | 8954 2408 | 48c7 0424 | ffff ffff 

  0x000001ccdf94e398: ;   {runtime_call counter_overflow Runtime1 stub}
  0x000001ccdf94e398: e8e3 3d36 

  0x000001ccdf94e39c: ; ImmutableOopMap {rax=Oop [256]=Oop [328]=Oop }
                      ;*synchronization entry
                      ; - java.lang.StringBuilder::<init>@-1
                      ; - java.net.URLClassLoader::defineClass@111
  0x000001ccdf94e39c: 07e9 1cf9 

  0x000001ccdf94e3a0: ;   {metadata({method} {0x000001cc80461ae8} 'append' '(Ljava/lang/String;)Ljava/lang/StringBuilder;' in 'java/lang/StringBuilder')}
  0x000001ccdf94e3a0: ffff 49ba | e01a 4680 | cc01 0000 | 4c89 5424 | 0848 c704 | 24ff ffff 

  0x000001ccdf94e3b8: ;   {runtime_call counter_overflow Runtime1 stub}
  0x000001ccdf94e3b8: ffe8 c23d 

  0x000001ccdf94e3bc: ; ImmutableOopMap {[256]=Oop [320]=Oop [328]=Oop }
                      ;*synchronization entry
                      ; - java.lang.StringBuilder::append@-1
                      ; - java.net.URLClassLoader::defineClass@116
  0x000001ccdf94e3bc: 3607 e974 

  0x000001ccdf94e3c0: ;   {metadata({method} {0x000001cc80461ae8} 'append' '(Ljava/lang/String;)Ljava/lang/StringBuilder;' in 'java/lang/StringBuilder')}
  0x000001ccdf94e3c0: f9ff ff49 | bae0 1a46 | 80cc 0100 | 004c 8954 | 2408 48c7 | 0424 ffff 

  0x000001ccdf94e3d8: ;   {runtime_call counter_overflow Runtime1 stub}
  0x000001ccdf94e3d8: ffff e8a1 

  0x000001ccdf94e3dc: ; ImmutableOopMap {[256]=Oop [320]=Oop [328]=Oop }
                      ;*synchronization entry
                      ; - java.lang.StringBuilder::append@-1
                      ; - java.net.URLClassLoader::defineClass@121
  0x000001ccdf94e3dc: 3d36 07e9 | d3f9 ffff 

  0x000001ccdf94e3e4: ;   {metadata({method} {0x000001cc80008958} 'toString' '()Ljava/lang/String;' in 'java/lang/StringBuilder')}
  0x000001ccdf94e3e4: 49ba 5089 | 0080 cc01 | 0000 4c89 | 5424 0848 | c704 24ff 

  0x000001ccdf94e3f8: ;   {runtime_call counter_overflow Runtime1 stub}
  0x000001ccdf94e3f8: ffff ffe8 

  0x000001ccdf94e3fc: ; ImmutableOopMap {[320]=Oop [328]=Oop }
                      ;*synchronization entry
                      ; - java.lang.StringBuilder::toString@-1
                      ; - java.net.URLClassLoader::defineClass@124
  0x000001ccdf94e3fc: 803d 3607 | e930 faff | ff48 8bd2 

  0x000001ccdf94e408: ;   {runtime_call fast_new_instance Runtime1 stub}
  0x000001ccdf94e408: e873 ec35 

  0x000001ccdf94e40c: ; ImmutableOopMap {[320]=Oop [328]=Oop }
                      ;*new {reexecute=0 rethrow=0 return_oop=0}
                      ; - java.lang.StringBuilder::toString@0
                      ; - java.net.URLClassLoader::defineClass@124
  0x000001ccdf94e40c: 07e9 73fa 

  0x000001ccdf94e410: ;   {metadata({method} {0x000001cc80455dd8} '<init>' '(Ljava/lang/StringBuilder;)V' in 'java/lang/String')}
  0x000001ccdf94e410: ffff 49ba | d05d 4580 | cc01 0000 | 4c89 5424 | 0848 c704 | 24ff ffff 

  0x000001ccdf94e428: ;   {runtime_call counter_overflow Runtime1 stub}
  0x000001ccdf94e428: ffe8 523d 

  0x000001ccdf94e42c: ; ImmutableOopMap {rax=Oop [320]=Oop [328]=Oop }
                      ;*synchronization entry
                      ; - java.lang.String::<init>@-1
                      ; - java.lang.StringBuilder::toString@5
                      ; - java.net.URLClassLoader::defineClass@124
  0x000001ccdf94e42c: 3607 e993 | faff ff48 | 8d84 2458 | 0100 0048 

  0x000001ccdf94e43c: ;   {runtime_call monitorexit_nofpu Runtime1 stub}
  0x000001ccdf94e43c: 8904 24e8 | 3c1f 3607 | e950 fbff | ff49 8b87 | 0005 0000 | 49c7 8700 | 0500 0000 | 0000 0049 
  0x000001ccdf94e45c: c787 0805 | 0000 0000 | 0000 4881 | c470 0100 

  0x000001ccdf94e46c: ;   {runtime_call unwind_exception Runtime1 stub}
  0x000001ccdf94e46c: 005d e90d | d435 07f4 | f4f4 f4f4 
[Stub Code]
  0x000001ccdf94e478: ;   {no_reloc}
  0x000001ccdf94e478: 0f1f 4400 

  0x000001ccdf94e47c: ;   {static_stub}
  0x000001ccdf94e47c: 0048 bb00 | 0000 0000 

  0x000001ccdf94e484: ;   {runtime_call nmethod}
  0x000001ccdf94e484: 0000 00e9 | fbff ffff 

  0x000001ccdf94e48c: ;   {static_stub}
  0x000001ccdf94e48c: 9048 bb20 | 3d19 80cc 

  0x000001ccdf94e494: ;   {runtime_call I2C/C2I adapters}
  0x000001ccdf94e494: 0100 00e9 | 47f7 2a07 

  0x000001ccdf94e49c: ;   {static_stub}
  0x000001ccdf94e49c: 9048 bb00 | 0000 0000 

  0x000001ccdf94e4a4: ;   {runtime_call nmethod}
  0x000001ccdf94e4a4: 0000 00e9 | fbff ffff 

  0x000001ccdf94e4ac: ;   {static_stub}
  0x000001ccdf94e4ac: 9048 bbc8 | 460a f4cc 

  0x000001ccdf94e4b4: ;   {runtime_call I2C/C2I adapters}
  0x000001ccdf94e4b4: 0100 00e9 | b36e 2a07 

  0x000001ccdf94e4bc: ;   {static_stub}
  0x000001ccdf94e4bc: 9048 bb00 | 0000 0000 

  0x000001ccdf94e4c4: ;   {runtime_call nmethod}
  0x000001ccdf94e4c4: 0000 00e9 | fbff ffff 

  0x000001ccdf94e4cc: ;   {static_stub}
  0x000001ccdf94e4cc: 9048 bb00 | 0000 0000 

  0x000001ccdf94e4d4: ;   {runtime_call nmethod}
  0x000001ccdf94e4d4: 0000 00e9 | fbff ffff 

  0x000001ccdf94e4dc: ;   {static_stub}
  0x000001ccdf94e4dc: 9048 bb00 | 0000 0000 

  0x000001ccdf94e4e4: ;   {runtime_call nmethod}
  0x000001ccdf94e4e4: 0000 00e9 | fbff ffff 

  0x000001ccdf94e4ec: ;   {static_stub}
  0x000001ccdf94e4ec: 9048 bb00 | 0000 0000 

  0x000001ccdf94e4f4: ;   {runtime_call nmethod}
  0x000001ccdf94e4f4: 0000 00e9 | fbff ffff 

  0x000001ccdf94e4fc: ;   {static_stub}
  0x000001ccdf94e4fc: 9048 bb00 | 0000 0000 

  0x000001ccdf94e504: ;   {runtime_call nmethod}
  0x000001ccdf94e504: 0000 00e9 | fbff ffff 

  0x000001ccdf94e50c: ;   {static_stub}
  0x000001ccdf94e50c: 9048 bb60 | 2821 80cc 

  0x000001ccdf94e514: ;   {runtime_call I2C/C2I adapters}
  0x000001ccdf94e514: 0100 00e9 | c7f6 2a07 

  0x000001ccdf94e51c: ;   {static_stub}
  0x000001ccdf94e51c: 9048 bb00 | 0000 0000 

  0x000001ccdf94e524: ;   {runtime_call nmethod}
  0x000001ccdf94e524: 0000 00e9 | fbff ffff 

  0x000001ccdf94e52c: ;   {static_stub}
  0x000001ccdf94e52c: 9048 bb00 | 0000 0000 

  0x000001ccdf94e534: ;   {runtime_call nmethod}
  0x000001ccdf94e534: 0000 00e9 | fbff ffff 

  0x000001ccdf94e53c: ;   {static_stub}
  0x000001ccdf94e53c: 9048 bb00 | 0000 0000 

  0x000001ccdf94e544: ;   {runtime_call nmethod}
  0x000001ccdf94e544: 0000 00e9 | fbff ffff 

  0x000001ccdf94e54c: ;   {static_stub}
  0x000001ccdf94e54c: 9048 bb00 | 0000 0000 

  0x000001ccdf94e554: ;   {runtime_call nmethod}
  0x000001ccdf94e554: 0000 00e9 | fbff ffff 

  0x000001ccdf94e55c: ;   {static_stub}
  0x000001ccdf94e55c: 9048 bb00 | 0000 0000 

  0x000001ccdf94e564: ;   {runtime_call nmethod}
  0x000001ccdf94e564: 0000 00e9 | fbff ffff 

  0x000001ccdf94e56c: ;   {static_stub}
  0x000001ccdf94e56c: 48bb 18ea | 4680 cc01 

  0x000001ccdf94e574: ;   {runtime_call I2C/C2I adapters}
  0x000001ccdf94e574: 0000 e9f0 

  0x000001ccdf94e578: ;   {static_stub}
  0x000001ccdf94e578: ca2a 0748 | bb00 0000 | 0000 0000 

  0x000001ccdf94e584: ;   {runtime_call nmethod}
  0x000001ccdf94e584: 00e9 fbff 

  0x000001ccdf94e588: ;   {static_stub}
  0x000001ccdf94e588: ffff 48bb | e0e0 0480 | cc01 0000 

  0x000001ccdf94e594: ;   {runtime_call I2C/C2I adapters}
  0x000001ccdf94e594: e9dc 642a 

  0x000001ccdf94e598: ;   {static_stub}
  0x000001ccdf94e598: 0748 bb58 | 430a f4cc 

  0x000001ccdf94e5a0: ;   {runtime_call I2C/C2I adapters}
  0x000001ccdf94e5a0: 0100 00e9 | c76d 2a07 

  0x000001ccdf94e5a8: ;   {static_stub}
  0x000001ccdf94e5a8: 48bb 0000 | 0000 0000 

  0x000001ccdf94e5b0: ;   {runtime_call nmethod}
  0x000001ccdf94e5b0: 0000 e9fb 

  0x000001ccdf94e5b4: ;   {static_stub}
  0x000001ccdf94e5b4: ffff ff48 | bb00 0000 | 0000 0000 

  0x000001ccdf94e5c0: ;   {runtime_call nmethod}
  0x000001ccdf94e5c0: 00e9 fbff 

  0x000001ccdf94e5c4: ;   {static_stub}
  0x000001ccdf94e5c4: ffff 48bb | 0000 0000 | 0000 0000 

  0x000001ccdf94e5d0: ;   {runtime_call nmethod}
  0x000001ccdf94e5d0: e9fb ffff 

  0x000001ccdf94e5d4: ;   {static_stub}
  0x000001ccdf94e5d4: ff48 bb00 | 0000 0000 

  0x000001ccdf94e5dc: ;   {runtime_call nmethod}
  0x000001ccdf94e5dc: 0000 00e9 | fbff ffff 

  0x000001ccdf94e5e4: ;   {static_stub}
  0x000001ccdf94e5e4: 48bb 0000 | 0000 0000 

  0x000001ccdf94e5ec: ;   {runtime_call nmethod}
  0x000001ccdf94e5ec: 0000 e9fb 

  0x000001ccdf94e5f0: ;   {static_stub}
  0x000001ccdf94e5f0: ffff ff48 | bb00 0000 | 0000 0000 

  0x000001ccdf94e5fc: ;   {runtime_call nmethod}
  0x000001ccdf94e5fc: 00e9 fbff 

  0x000001ccdf94e600: ;   {static_stub}
  0x000001ccdf94e600: ffff 48bb | 0000 0000 | 0000 0000 

  0x000001ccdf94e60c: ;   {runtime_call nmethod}
  0x000001ccdf94e60c: e9fb ffff 

  0x000001ccdf94e610: ;   {static_stub}
  0x000001ccdf94e610: ff48 bb00 | 0000 0000 

  0x000001ccdf94e618: ;   {runtime_call nmethod}
  0x000001ccdf94e618: 0000 00e9 | fbff ffff 
[Exception Handler]
  0x000001ccdf94e620: ;   {runtime_call handle_exception_from_callee Runtime1 stub}
  0x000001ccdf94e620: e85b ff35 

  0x000001ccdf94e624: ;   {external_word}
  0x000001ccdf94e624: 0748 b940 | 53a7 04f9 | 7f00 0048 

  0x000001ccdf94e630: ;   {runtime_call}
  0x000001ccdf94e630: 83e4 f048 | b8b0 c369 | 04f9 7f00 | 00ff d0f4 
[Deopt Handler Code]
  0x000001ccdf94e640: ;   {section_word}
  0x000001ccdf94e640: 49ba 40e6 | 94df cc01 | 0000 4152 

  0x000001ccdf94e64c: ;   {runtime_call DeoptimizationBlob}
  0x000001ccdf94e64c: e94f 592b | 07f4 f4f4 | f4f4 f4f4 
[/MachCode]


Compiled method (c1) 6162 1636       3       java.net.URLClassLoader$1::run (5 bytes)
 total in heap  [0x000001ccdf94bb10,0x000001ccdf94be88] = 888
 relocation     [0x000001ccdf94bc70,0x000001ccdf94bcb0] = 64
 main code      [0x000001ccdf94bcc0,0x000001ccdf94bdd0] = 272
 stub code      [0x000001ccdf94bdd0,0x000001ccdf94be18] = 72
 metadata       [0x000001ccdf94be18,0x000001ccdf94be28] = 16
 scopes data    [0x000001ccdf94be28,0x000001ccdf94be40] = 24
 scopes pcs     [0x000001ccdf94be40,0x000001ccdf94be80] = 64
 dependencies   [0x000001ccdf94be80,0x000001ccdf94be88] = 8

[Constant Pool (empty)]

[MachCode]
[Entry Point]
  # {method} {0x000001ccf429c720} 'run' '()Ljava/lang/Object;' in 'java/net/URLClassLoader$1'
  #           [sp+0x30]  (sp of caller)
  0x000001ccdf94bcc0: 448b 5208 | 49bb 0000 | 0080 cc01 | 0000 4d03 | d34c 3bd0 

  0x000001ccdf94bcd4: ;   {runtime_call ic_miss_stub}
  0x000001ccdf94bcd4: 0f85 a627 | 2b07 660f | 1f44 0000 
[Verified Entry Point]
  0x000001ccdf94bce0: 8984 2400 | 80ff ff55 | 4883 ec20 | 4181 7f20 | 0100 0000 

  0x000001ccdf94bcf4: ;   {runtime_call StubRoutines (final stubs)}
  0x000001ccdf94bcf4: 7405 e8c5 

  0x000001ccdf94bcf8: ;   {metadata(method data for {method} {0x000001ccf429c720} 'run' '()Ljava/lang/Object;' in 'java/net/URLClassLoader$1')}
  0x000001ccdf94bcf8: cc29 0748 | be48 c73b | f4cc 0100 | 008b becc | 0000 0083 | c702 89be | cc00 0000 | 81e7 fe07 
  0x000001ccdf94bd18: 0000 85ff | 0f84 4d00 | 0000 488b 

  0x000001ccdf94bd24: ;   {metadata(method data for {method} {0x000001ccf429c720} 'run' '()Ljava/lang/Object;' in 'java/net/URLClassLoader$1')}
  0x000001ccdf94bd24: f248 bf48 | c73b f4cc 

  0x000001ccdf94bd2c: ;   {metadata('java/net/URLClassLoader$1')}
  0x000001ccdf94bd2c: 0100 0049 | ba20 aa02 | 81cc 0100 | 004c 8997 | 2001 0000 | 4883 8728 | 0100 0001 | 0f1f 8000 
  0x000001ccdf94bd4c: ;   {optimized virtual_call}
  0x000001ccdf94bd4c: 0000 00e8 

  0x000001ccdf94bd50: ; ImmutableOopMap {}
                      ;*invokevirtual run {reexecute=0 rethrow=0 return_oop=0}
                      ; - java.net.URLClassLoader$1::run@1
  0x000001ccdf94bd50: 8100 0000 

  0x000001ccdf94bd54: ;   {other}
  0x000001ccdf94bd54: 0f1f 8400 | 4402 0000 | 4883 c420 

  0x000001ccdf94bd60: ;   {poll_return}
  0x000001ccdf94bd60: 5d49 3ba7 | 5004 0000 | 0f87 1f00 

  0x000001ccdf94bd6c: ;   {metadata({method} {0x000001ccf429c720} 'run' '()Ljava/lang/Object;' in 'java/net/URLClassLoader$1')}
  0x000001ccdf94bd6c: 0000 c349 | ba18 c729 | f4cc 0100 | 004c 8954 | 2408 48c7 | 0424 ffff 

  0x000001ccdf94bd84: ;   {runtime_call counter_overflow Runtime1 stub}
  0x000001ccdf94bd84: ffff e8f5 

  0x000001ccdf94bd88: ; ImmutableOopMap {rdx=Oop }
                      ;*synchronization entry
                      ; - java.net.URLClassLoader$1::run@-1
  0x000001ccdf94bd88: 6336 07eb 

  0x000001ccdf94bd8c: ;   {internal_word}
  0x000001ccdf94bd8c: 9549 ba61 | bd94 dfcc | 0100 004d | 8997 6804 

  0x000001ccdf94bd9c: ;   {runtime_call SafepointBlob}
  0x000001ccdf94bd9c: 0000 e9dd | 882b 0749 | 8b87 0005 | 0000 49c7 | 8700 0500 | 0000 0000 | 0049 c787 | 0805 0000 
  0x000001ccdf94bdbc: 0000 0000 | 4883 c420 

  0x000001ccdf94bdc4: ;   {runtime_call unwind_exception Runtime1 stub}
  0x000001ccdf94bdc4: 5de9 b6fa | 3507 f4f4 | f4f4 f4f4 
[Stub Code]
  0x000001ccdf94bdd0: ;   {no_reloc}
  0x000001ccdf94bdd0: 0f1f 4400 

  0x000001ccdf94bdd4: ;   {static_stub}
  0x000001ccdf94bdd4: 0048 bb48 | c629 f4cc 

  0x000001ccdf94bddc: ;   {runtime_call I2C/C2I adapters}
  0x000001ccdf94bddc: 0100 00e9 | ff1d 2b07 
[Exception Handler]
  0x000001ccdf94bde4: ;   {runtime_call handle_exception_from_callee Runtime1 stub}
  0x000001ccdf94bde4: e897 2736 

  0x000001ccdf94bde8: ;   {external_word}
  0x000001ccdf94bde8: 0748 b940 | 53a7 04f9 | 7f00 0048 

  0x000001ccdf94bdf4: ;   {runtime_call}
  0x000001ccdf94bdf4: 83e4 f048 | b8b0 c369 | 04f9 7f00 | 00ff d0f4 
[Deopt Handler Code]
  0x000001ccdf94be04: ;   {section_word}
  0x000001ccdf94be04: 49ba 04be | 94df cc01 | 0000 4152 

  0x000001ccdf94be10: ;   {runtime_call DeoptimizationBlob}
  0x000001ccdf94be10: e98b 812b | 07f4 f4f4 
[/MachCode]


---------------  P R O C E S S  ---------------

Threads class SMR info:
_java_thread_list=0x000001ccf3dfdc90, length=12, elements={
0x000001ccdc46f060, 0x000001ccf2e5a780, 0x000001ccf2e5bff0, 0x000001ccf2e60010,
0x000001ccf2e60ee0, 0x000001ccf2e69b60, 0x000001ccf2e687b0, 0x000001ccf2e70ee0,
0x000001ccf2e71be0, 0x000001ccf2e67a90, 0x000001ccf2e67400, 0x000001ccf2e68120
}

Java Threads: ( => current thread )
=>0x000001ccdc46f060 JavaThread "main"                              [_thread_in_vm, id=11408, stack(0x00000067d2c00000,0x00000067d2d00000) (1024K)]
  0x000001ccf2e5a780 JavaThread "Reference Handler"          daemon [_thread_blocked, id=19404, stack(0x00000067d3000000,0x00000067d3100000) (1024K)]
  0x000001ccf2e5bff0 JavaThread "Finalizer"                  daemon [_thread_blocked, id=20024, stack(0x00000067d3100000,0x00000067d3200000) (1024K)]
  0x000001ccf2e60010 JavaThread "Signal Dispatcher"          daemon [_thread_blocked, id=18840, stack(0x00000067d3200000,0x00000067d3300000) (1024K)]
  0x000001ccf2e60ee0 JavaThread "Attach Listener"            daemon [_thread_blocked, id=16336, stack(0x00000067d3300000,0x00000067d3400000) (1024K)]
  0x000001ccf2e69b60 JavaThread "Service Thread"             daemon [_thread_blocked, id=9616, stack(0x00000067d3400000,0x00000067d3500000) (1024K)]
  0x000001ccf2e687b0 JavaThread "Monitor Deflation Thread"   daemon [_thread_blocked, id=22024, stack(0x00000067d3500000,0x00000067d3600000) (1024K)]
  0x000001ccf2e70ee0 JavaThread "C2 CompilerThread0"         daemon [_thread_blocked, id=18540, stack(0x00000067d3600000,0x00000067d3700000) (1024K)]
  0x000001ccf2e71be0 JavaThread "C1 CompilerThread0"         daemon [_thread_blocked, id=15720, stack(0x00000067d3700000,0x00000067d3800000) (1024K)]
  0x000001ccf2e67a90 JavaThread "Common-Cleaner"             daemon [_thread_blocked, id=18580, stack(0x00000067d3800000,0x00000067d3900000) (1024K)]
  0x000001ccf2e67400 JavaThread "Notification Thread"        daemon [_thread_blocked, id=13020, stack(0x00000067d3900000,0x00000067d3a00000) (1024K)]
  0x000001ccf2e68120 JavaThread "Active Thread: Equinox Container: 351c6957-107b-49c3-b2e2-03925b2fa1c5"        [_thread_blocked, id=10728, stack(0x00000067d3d00000,0x00000067d3e00000) (1024K)]
Total: 12

Other Threads:
  0x000001ccf2e3d880 VMThread "VM Thread"                           [id=19168, stack(0x00000067d2f00000,0x00000067d3000000) (1024K)] _threads_hazard_ptr=0x000001ccf3dfdc90
  0x000001ccf2db1ae0 WatcherThread "VM Periodic Task Thread"        [id=19768, stack(0x00000067d2e00000,0x00000067d2f00000) (1024K)]
  0x000001ccdc48c260 WorkerThread "GC Thread#0"                     [id=14476, stack(0x00000067d2d00000,0x00000067d2e00000) (1024K)]
  0x000001ccf3ecc260 WorkerThread "GC Thread#1"                     [id=2188, stack(0x00000067d3a00000,0x00000067d3b00000) (1024K)]
  0x000001ccf3ecc610 WorkerThread "GC Thread#2"                     [id=11776, stack(0x00000067d3b00000,0x00000067d3c00000) (1024K)]
  0x000001ccf3ecc9c0 WorkerThread "GC Thread#3"                     [id=6032, stack(0x00000067d3c00000,0x00000067d3d00000) (1024K)]
Total: 6

Threads with active compile tasks:
Total: 0

VM state: synchronizing (normal execution)

VM Mutex/Monitor currently owned by a thread:  ([mutex/lock_event])
[0x00007ff904d2c4e0] Metaspace_lock - owner thread: 0x000001ccdc46f060
[0x00007ff904d2e560] Threads_lock - owner thread: 0x000001ccf2e3d880

Heap address: 0x0000000080000000, size: 2048 MB, Compressed Oops mode: 32-bit

CDS archive(s) mapped at: [0x000001cc80000000-0x000001cc80ba0000-0x000001cc80ba0000), size 12189696, SharedBaseAddress: 0x000001cc80000000, ArchiveRelocationMode: 1.
Compressed class space mapped at: 0x000001cc81000000-0x000001ccc1000000, reserved size: 1073741824
Narrow klass base: 0x000001cc80000000, Narrow klass shift: 0, Narrow klass range: 0x100000000

GC Precious Log:
 CardTable entry size: 512
 CPUs: 4 total, 4 available
 Memory: 3918M
 Large Page Support: Disabled
 NUMA Support: Disabled
 Compressed Oops: Enabled (32-bit)
 Alignments: Space 512K, Generation 512K, Heap 2M
 Heap Min Capacity: 100M
 Heap Initial Capacity: 100M
 Heap Max Capacity: 2G
 Pre-touch: Disabled
 Parallel Workers: 4

Heap:
 PSYoungGen      total 29696K, used 25183K [0x00000000d5580000, 0x00000000d7680000, 0x0000000100000000)
  eden space 25600K, 85% used [0x00000000d5580000,0x00000000d6adbbd0,0x00000000d6e80000)
  from space 4096K, 80% used [0x00000000d6e80000,0x00000000d71bc148,0x00000000d7280000)
  to   space 4096K, 0% used [0x00000000d7280000,0x00000000d7280000,0x00000000d7680000)
 ParOldGen       total 68608K, used 16K [0x0000000080000000, 0x0000000084300000, 0x00000000d5580000)
  object space 68608K, 0% used [0x0000000080000000,0x0000000080004000,0x0000000084300000)
 Metaspace       used 7630K, committed 7872K, reserved 1114112K
  class space    used 791K, committed 896K, reserved 1048576K

Card table byte_map: [0x000001ccdbe50000,0x000001ccdc260000] _byte_map_base: 0x000001ccdba50000

Marking Bits: (ParMarkBitMap*) 0x00007ff904d33450
 Begin Bits: [0x000001ccee930000, 0x000001ccf0930000)
 End Bits:   [0x000001ccf0930000, 0x000001ccf2930000)

Polling page: 0x000001ccdbc40000

Metaspace:

Usage:
  Non-class:      6.68 MB used.
      Class:    791.85 KB used.
       Both:      7.45 MB used.

Virtual space:
  Non-class space:       64.00 MB reserved,       6.81 MB ( 11%) committed,  1 nodes.
      Class space:        1.00 GB reserved,     896.00 KB ( <1%) committed,  1 nodes.
             Both:        1.06 GB reserved,       7.69 MB ( <1%) committed. 

Chunk freelists:
   Non-Class:  9.05 MB
       Class:  14.95 MB
        Both:  24.00 MB

MaxMetaspaceSize: unlimited
CompressedClassSpaceSize: 1.00 GB
Initial GC threshold: 21.00 MB
Current GC threshold: 21.00 MB
CDS: on
 - commit_granule_bytes: 65536.
 - commit_granule_words: 8192.
 - virtual_space_node_default_size: 8388608.
 - enlarge_chunks_in_place: 1.
 - use_allocation_guard: 0.


Internal statistics:

num_allocs_failed_limit: 0.
num_arena_births: 228.
num_arena_deaths: 0.
num_vsnodes_births: 2.
num_vsnodes_deaths: 0.
num_space_committed: 123.
num_space_uncommitted: 0.
num_chunks_returned_to_freelist: 0.
num_chunks_taken_from_freelist: 402.
num_chunk_merges: 0.
num_chunk_splits: 263.
num_chunks_enlarged: 171.
num_inconsistent_stats: 0.

CodeHeap 'non-profiled nmethods': size=120000Kb used=702Kb max_used=702Kb free=119297Kb
 bounds [0x000001cce7150000, 0x000001cce73c0000, 0x000001ccee680000]
CodeHeap 'profiled nmethods': size=120000Kb used=3058Kb max_used=3058Kb free=116941Kb
 bounds [0x000001ccdf680000, 0x000001ccdf980000, 0x000001cce6bb0000]
CodeHeap 'non-nmethods': size=5760Kb used=1209Kb max_used=1227Kb free=4550Kb
 bounds [0x000001cce6bb0000, 0x000001cce6e20000, 0x000001cce7150000]
CodeCache: size=245760Kb, used=4969Kb, max_used=4987Kb, free=240788Kb
 total_blobs=2178, nmethods=1701, adapters=385, full_count=0
Compilation: enabled, stopped_count=0, restarted_count=0

Compilation events (20 events):
Event: 4.215 Thread 0x000001ccf2e71be0 nmethod 1691 0x000001ccdf973690 code [0x000001ccdf973a20, 0x000001ccdf975040]
Event: 4.235 Thread 0x000001ccf2e71be0 1692       3       java.security.Provider$Service::getDefaultConstructor (84 bytes)
Event: 4.237 Thread 0x000001ccf2e71be0 nmethod 1692 0x000001ccdf975990 code [0x000001ccdf975be0, 0x000001ccdf9768a0]
Event: 4.240 Thread 0x000001ccf2e71be0 1693       3       java.util.jar.JarFile::verifiableEntry (55 bytes)
Event: 4.240 Thread 0x000001ccf2e70ee0 1695       4       java.util.HashMap::putVal (300 bytes)
Event: 4.240 Thread 0x000001ccf2e71be0 nmethod 1693 0x000001ccdf976b90 code [0x000001ccdf976dc0, 0x000001ccdf9777b0]
Event: 4.240 Thread 0x000001ccf2e71be0 1694       3       java.util.jar.JarVerifier$VerifierStream::<init> (80 bytes)
Event: 4.241 Thread 0x000001ccf2e71be0 nmethod 1694 0x000001ccdf977990 code [0x000001ccdf977ba0, 0x000001ccdf978170]
Event: 4.245 Thread 0x000001ccf2e71be0 1696       3       java.lang.invoke.MethodHandleNatives::refKindIsMethod (19 bytes)
Event: 4.245 Thread 0x000001ccf2e71be0 nmethod 1696 0x000001ccdf978410 code [0x000001ccdf9785c0, 0x000001ccdf9787e8]
Event: 4.249 Thread 0x000001ccf2e71be0 1697       3       java.lang.invoke.MethodHandleNatives::isCallerSensitive (29 bytes)
Event: 4.250 Thread 0x000001ccf2e71be0 nmethod 1697 0x000001ccdf978890 code [0x000001ccdf978a80, 0x000001ccdf978ea8]
Event: 4.250 Thread 0x000001ccf2e71be0 1698       3       java.lang.invoke.MethodHandles$Lookup::isArrayClone (50 bytes)
Event: 4.251 Thread 0x000001ccf2e71be0 nmethod 1698 0x000001ccdf979010 code [0x000001ccdf979220, 0x000001ccdf9798a0]
Event: 4.251 Thread 0x000001ccf2e71be0 1699       3       sun.invoke.util.VerifyAccess::isMemberAccessible (338 bytes)
Event: 4.253 Thread 0x000001ccf2e71be0 nmethod 1699 0x000001ccdf979b10 code [0x000001ccdf979ea0, 0x000001ccdf97b0c0]
Event: 4.253 Thread 0x000001ccf2e71be0 1700       3       sun.security.jca.GetInstance::checkSuperClass (68 bytes)
Event: 4.255 Thread 0x000001ccf2e71be0 nmethod 1700 0x000001ccdf97b610 code [0x000001ccdf97b8c0, 0x000001ccdf97c220]
Event: 4.255 Thread 0x000001ccf2e71be0 1701       3       sun.security.jca.GetInstance$Instance::<init> (15 bytes)
Event: 4.255 Thread 0x000001ccf2e71be0 nmethod 1701 0x000001ccdf97c690 code [0x000001ccdf97c840, 0x000001ccdf97c9d8]

GC Heap History (2 events):
Event: 2.441 GC heap before
{Heap before GC invocations=1 (full 0):
 PSYoungGen      total 29696K, used 25600K [0x00000000d5580000, 0x00000000d7680000, 0x0000000100000000)
  eden space 25600K, 100% used [0x00000000d5580000,0x00000000d6e80000,0x00000000d6e80000)
  from space 4096K, 0% used [0x00000000d7280000,0x00000000d7280000,0x00000000d7680000)
  to   space 4096K, 0% used [0x00000000d6e80000,0x00000000d6e80000,0x00000000d7280000)
 ParOldGen       total 68608K, used 0K [0x0000000080000000, 0x0000000084300000, 0x00000000d5580000)
  object space 68608K, 0% used [0x0000000080000000,0x0000000080000000,0x0000000084300000)
 Metaspace       used 4370K, committed 4608K, reserved 1114112K
  class space    used 474K, committed 576K, reserved 1048576K
}
Event: 2.453 GC heap after
{Heap after GC invocations=1 (full 0):
 PSYoungGen      total 29696K, used 3312K [0x00000000d5580000, 0x00000000d7680000, 0x0000000100000000)
  eden space 25600K, 0% used [0x00000000d5580000,0x00000000d5580000,0x00000000d6e80000)
  from space 4096K, 80% used [0x00000000d6e80000,0x00000000d71bc148,0x00000000d7280000)
  to   space 4096K, 0% used [0x00000000d7280000,0x00000000d7280000,0x00000000d7680000)
 ParOldGen       total 68608K, used 16K [0x0000000080000000, 0x0000000084300000, 0x00000000d5580000)
  object space 68608K, 0% used [0x0000000080000000,0x0000000080004000,0x0000000084300000)
 Metaspace       used 4370K, committed 4608K, reserved 1114112K
  class space    used 474K, committed 576K, reserved 1048576K
}

Dll operation events (8 events):
Event: 0.017 Loaded shared library c:\Users\cynth\.vscode\extensions\redhat.java-1.54.0-win32-x64\jre\21.0.10-win32-x86_64\bin\java.dll
Event: 0.200 Loaded shared library c:\Users\cynth\.vscode\extensions\redhat.java-1.54.0-win32-x64\jre\21.0.10-win32-x86_64\bin\zip.dll
Event: 0.270 Loaded shared library C:\Users\cynth\.vscode\extensions\redhat.java-1.54.0-win32-x64\jre\21.0.10-win32-x86_64\bin\instrument.dll
Event: 0.280 Loaded shared library C:\Users\cynth\.vscode\extensions\redhat.java-1.54.0-win32-x64\jre\21.0.10-win32-x86_64\bin\net.dll
Event: 0.285 Loaded shared library C:\Users\cynth\.vscode\extensions\redhat.java-1.54.0-win32-x64\jre\21.0.10-win32-x86_64\bin\nio.dll
Event: 0.292 Loaded shared library C:\Users\cynth\.vscode\extensions\redhat.java-1.54.0-win32-x64\jre\21.0.10-win32-x86_64\bin\zip.dll
Event: 0.338 Loaded shared library C:\Users\cynth\.vscode\extensions\redhat.java-1.54.0-win32-x64\jre\21.0.10-win32-x86_64\bin\jimage.dll
Event: 0.556 Loaded shared library c:\Users\cynth\.vscode\extensions\redhat.java-1.54.0-win32-x64\jre\21.0.10-win32-x86_64\bin\verify.dll

Deoptimization events (20 events):
Event: 3.928 Thread 0x000001ccdc46f060 Uncommon trap: trap_request=0xffffff45 fr.pc=0x000001cce71d844c relative=0x00000000000000ac
Event: 3.928 Thread 0x000001ccdc46f060 Uncommon trap: reason=unstable_if action=reinterpret pc=0x000001cce71d844c method=java.util.concurrent.locks.ReentrantLock$NonfairSync.initialTryLock()Z @ 10 c2
Event: 3.928 Thread 0x000001ccdc46f060 DEOPT PACKING pc=0x000001cce71d844c sp=0x00000067d2cfe750
Event: 3.928 Thread 0x000001ccdc46f060 DEOPT UNPACKING pc=0x000001cce6c03a9c sp=0x00000067d2cfe6e0 mode 2
Event: 3.930 Thread 0x000001ccdc46f060 Uncommon trap: trap_request=0xffffff45 fr.pc=0x000001cce71d80b4 relative=0x0000000000000094
Event: 3.930 Thread 0x000001ccdc46f060 Uncommon trap: reason=unstable_if action=reinterpret pc=0x000001cce71d80b4 method=java.util.concurrent.locks.ReentrantLock$Sync.tryRelease(I)Z @ 26 c2
Event: 3.932 Thread 0x000001ccdc46f060 DEOPT PACKING pc=0x000001cce71d80b4 sp=0x00000067d2cfe820
Event: 3.932 Thread 0x000001ccdc46f060 DEOPT UNPACKING pc=0x000001cce6c03a9c sp=0x00000067d2cfe7a0 mode 2
Event: 4.052 Thread 0x000001ccdc46f060 Uncommon trap: trap_request=0xffffff45 fr.pc=0x000001cce71d7d60 relative=0x0000000000000040
Event: 4.052 Thread 0x000001ccdc46f060 Uncommon trap: reason=unstable_if action=reinterpret pc=0x000001cce71d7d60 method=java.util.concurrent.locks.AbstractQueuedSynchronizer.signalNext(Ljava/util/concurrent/locks/AbstractQueuedSynchronizer$Node;)V @ 1 c2
Event: 4.052 Thread 0x000001ccdc46f060 DEOPT PACKING pc=0x000001cce71d7d60 sp=0x00000067d2cfe550
Event: 4.052 Thread 0x000001ccdc46f060 DEOPT UNPACKING pc=0x000001cce6c03a9c sp=0x00000067d2cfe4e0 mode 2
Event: 4.153 Thread 0x000001ccdc46f060 Uncommon trap: trap_request=0xffffffde fr.pc=0x000001cce71e5bf8 relative=0x0000000000000a18
Event: 4.153 Thread 0x000001ccdc46f060 Uncommon trap: reason=class_check action=maybe_recompile pc=0x000001cce71e5bf8 method=java.util.HashMap.putVal(ILjava/lang/Object;Ljava/lang/Object;ZZ)Ljava/lang/Object; @ 253 c2
Event: 4.153 Thread 0x000001ccdc46f060 DEOPT PACKING pc=0x000001cce71e5bf8 sp=0x00000067d2cfe110
Event: 4.153 Thread 0x000001ccdc46f060 DEOPT UNPACKING pc=0x000001cce6c03a9c sp=0x00000067d2cfe0a0 mode 2
Event: 4.158 Thread 0x000001ccdc46f060 Uncommon trap: trap_request=0xffffffde fr.pc=0x000001cce71e5bf8 relative=0x0000000000000a18
Event: 4.158 Thread 0x000001ccdc46f060 Uncommon trap: reason=class_check action=maybe_recompile pc=0x000001cce71e5bf8 method=java.util.HashMap.putVal(ILjava/lang/Object;Ljava/lang/Object;ZZ)Ljava/lang/Object; @ 253 c2
Event: 4.158 Thread 0x000001ccdc46f060 DEOPT PACKING pc=0x000001cce71e5bf8 sp=0x00000067d2cfe110
Event: 4.158 Thread 0x000001ccdc46f060 DEOPT UNPACKING pc=0x000001cce6c03a9c sp=0x00000067d2cfe0a0 mode 2

Classes loaded (20 events):
Event: 4.048 Loading class java/util/concurrent/ThreadPoolExecutor$Worker
Event: 4.048 Loading class java/util/concurrent/ThreadPoolExecutor$Worker done
Event: 4.090 Loading class java/util/ArrayList$ListItr
Event: 4.091 Loading class java/util/ArrayList$ListItr done
Event: 4.100 Loading class java/net/ContentHandlerFactory
Event: 4.101 Loading class java/net/ContentHandlerFactory done
Event: 4.157 Loading class java/util/ConcurrentModificationException
Event: 4.157 Loading class java/util/ConcurrentModificationException done
Event: 4.191 Loading class java/util/LinkedList
Event: 4.196 Loading class java/util/AbstractSequentialList
Event: 4.196 Loading class java/util/AbstractSequentialList done
Event: 4.196 Loading class java/util/LinkedList done
Event: 4.213 Loading class java/net/ContentHandler
Event: 4.214 Loading class java/net/ContentHandler done
Event: 4.220 Loading class java/net/UrlDeserializedState
Event: 4.220 Loading class java/net/UrlDeserializedState done
Event: 4.221 Loading class java/lang/reflect/InaccessibleObjectException
Event: 4.221 Loading class java/lang/reflect/InaccessibleObjectException done
Event: 4.227 Loading class java/lang/StackWalker$Option
Event: 4.228 Loading class java/lang/StackWalker$Option done

Classes unloaded (0 events):
No events

Classes redefined (0 events):
No events

Internal exceptions (20 events):
Event: 1.855 Thread 0x000001ccdc46f060 Exception <a 'java/lang/NoSuchMethodError'{0x00000000d6543738}: 'java.lang.Object java.lang.invoke.DirectMethodHandle$Holder.invokeInterface(java.lang.Object, java.lang.Object)'> (0x00000000d6543738) 
thrown [s\src\hotspot\share\interpreter\linkResolver.cpp, line 773]
Event: 1.862 Thread 0x000001ccdc46f060 Exception <a 'java/lang/NoSuchMethodError'{0x00000000d6556cc8}: 'java.lang.Object java.lang.invoke.Invokers$Holder.invokeExact_MT(java.lang.Object, java.lang.Object, java.lang.Object, java.lang.Object, java.lang.Object, java.lang.Object)'> (0x00000000d6556cc8) 
thrown [s\src\hotspot\share\interpreter\linkResolver.cpp, line 773]
Event: 1.874 Thread 0x000001ccdc46f060 Exception <a 'java/lang/NoSuchMethodError'{0x00000000d656dda0}: 'int java.lang.invoke.DirectMethodHandle$Holder.invokeStatic(java.lang.Object, java.lang.Object, java.lang.Object, java.lang.Object, java.lang.Object)'> (0x00000000d656dda0) 
thrown [s\src\hotspot\share\interpreter\linkResolver.cpp, line 773]
Event: 1.936 Thread 0x000001ccdc46f060 Exception <a 'java/lang/NoSuchMethodError'{0x00000000d66016e8}: 'java.lang.Object java.lang.invoke.DirectMethodHandle$Holder.invokeInterface(java.lang.Object, java.lang.Object, int)'> (0x00000000d66016e8) 
thrown [s\src\hotspot\share\interpreter\linkResolver.cpp, line 773]
Event: 2.275 Thread 0x000001ccdc46f060 Exception <a 'java/lang/NoSuchMethodError'{0x00000000d6a6c958}: 'java.lang.ClassLoader java.lang.ClassLoader.getPlatformClassLoader(java.lang.Class)'> (0x00000000d6a6c958) 
thrown [s\src\hotspot\share\interpreter\linkResolver.cpp, line 773]
Event: 2.459 Thread 0x000001ccdc46f060 Exception <a 'java/lang/ClassNotFoundException'{0x00000000d558b188}: sun/net/www/protocol/c/Handler> (0x00000000d558b188) 
thrown [s\src\hotspot\share\classfile\systemDictionary.cpp, line 312]
Event: 2.466 Thread 0x000001ccdc46f060 Exception <a 'java/lang/ClassNotFoundException'{0x00000000d558c510}: sun/net/www/protocol/c/Handler> (0x00000000d558c510) 
thrown [s\src\hotspot\share\classfile\systemDictionary.cpp, line 312]
Event: 2.466 Thread 0x000001ccdc46f060 Exception <a 'java/lang/ClassNotFoundException'{0x00000000d558d6d0}: sun/net/www/protocol/c/Handler> (0x00000000d558d6d0) 
thrown [s\src\hotspot\share\classfile\systemDictionary.cpp, line 312]
Event: 2.487 Thread 0x000001ccdc46f060 Exception <a 'java/io/FileNotFoundException'{0x00000000d55bf3a0}> (0x00000000d55bf3a0) 
thrown [s\src\hotspot\share\prims\jni.cpp, line 520]
Event: 2.625 Thread 0x000001ccdc46f060 Implicit null exception at 0x000001cce71b50c9 to 0x000001cce71b5a3c
Event: 2.627 Thread 0x000001ccdc46f060 Exception <a 'java/lang/NoSuchMethodError'{0x00000000d56f01d8}: 'void java.lang.invoke.DirectMethodHandle$Holder.invokeStatic(java.lang.Object, java.lang.Object, java.lang.Object, java.lang.Object)'> (0x00000000d56f01d8) 
thrown [s\src\hotspot\share\interpreter\linkResolver.cpp, line 773]
Event: 3.142 Thread 0x000001ccdc46f060 Exception <a 'java/lang/NoSuchMethodError'{0x00000000d59d82b8}: 'void java.lang.invoke.DirectMethodHandle$Holder.invokeSpecial(java.lang.Object, java.lang.Object, java.lang.Object)'> (0x00000000d59d82b8) 
thrown [s\src\hotspot\share\interpreter\linkResolver.cpp, line 773]
Event: 3.833 Thread 0x000001ccdc46f060 Exception <a 'java/lang/NoSuchMethodError'{0x00000000d64484a0}: 'int java.lang.invoke.DirectMethodHandle$Holder.invokeVirtual(java.lang.Object, java.lang.Object)'> (0x00000000d64484a0) 
thrown [s\src\hotspot\share\interpreter\linkResolver.cpp, line 773]
Event: 3.992 Thread 0x000001ccdc46f060 Exception <a 'java/lang/NoSuchMethodError'{0x00000000d65bf7a0}: 'int java.lang.invoke.DirectMethodHandle$Holder.invokeStaticInit(java.lang.Object, java.lang.Object, java.lang.Object, java.lang.Object)'> (0x00000000d65bf7a0) 
thrown [s\src\hotspot\share\interpreter\linkResolver.cpp, line 773]
Event: 3.995 Thread 0x000001ccdc46f060 Exception <a 'java/lang/IncompatibleClassChangeError'{0x00000000d65c7ba8}: Found class java.lang.Object, but interface was expected> (0x00000000d65c7ba8) 
thrown [s\src\hotspot\share\interpreter\linkResolver.cpp, line 840]
Event: 4.000 Thread 0x000001ccdc46f060 Exception <a 'java/lang/NoSuchMethodError'{0x00000000d65ce178}: 'void java.lang.invoke.DirectMethodHandle$Holder.invokeStaticInit(java.lang.Object, java.lang.Object)'> (0x00000000d65ce178) 
thrown [s\src\hotspot\share\interpreter\linkResolver.cpp, line 773]
Event: 4.002 Thread 0x000001ccdc46f060 Exception <a 'java/lang/NoSuchMethodError'{0x00000000d65d7350}: 'int java.lang.invoke.DirectMethodHandle$Holder.invokeStaticInit(java.lang.Object, java.lang.Object)'> (0x00000000d65d7350) 
thrown [s\src\hotspot\share\interpreter\linkResolver.cpp, line 773]
Event: 4.124 Thread 0x000001ccdc46f060 Exception <a 'java/lang/NoSuchMethodError'{0x00000000d6821b80}: 'java.lang.Object java.lang.invoke.DirectMethodHandle$Holder.newInvokeSpecial(java.lang.Object, int, java.lang.Object)'> (0x00000000d6821b80) 
thrown [s\src\hotspot\share\interpreter\linkResolver.cpp, line 773]
Event: 4.234 Thread 0x000001ccdc46f060 Exception <a 'java/lang/ClassNotFoundException'{0x00000000d6a3cff8}: sun/net/www/protocol/plurl/Handler> (0x00000000d6a3cff8) 
thrown [s\src\hotspot\share\classfile\systemDictionary.cpp, line 312]
Event: 4.234 Thread 0x000001ccdc46f060 Exception <a 'java/lang/ClassNotFoundException'{0x00000000d6a3de78}: sun/net/www/protocol/plurl/Handler> (0x00000000d6a3de78) 
thrown [s\src\hotspot\share\classfile\systemDictionary.cpp, line 312]

ZGC Phase Switch (0 events):
No events

VM Operations (20 events):
Event: 0.370 Executing non-safepoint VM operation: HandshakeAllThreads (Deoptimize)
Event: 0.370 Executing non-safepoint VM operation: HandshakeAllThreads (Deoptimize) done
Event: 1.385 Executing safepoint VM operation: Cleanup
Event: 1.385 Executing safepoint VM operation: Cleanup done
Event: 1.635 Executing non-safepoint VM operation: HandshakeAllThreads (Deoptimize)
Event: 1.635 Executing non-safepoint VM operation: HandshakeAllThreads (Deoptimize) done
Event: 1.670 Executing non-safepoint VM operation: HandshakeAllThreads (Deoptimize)
Event: 1.670 Executing non-safepoint VM operation: HandshakeAllThreads (Deoptimize) done
Event: 2.441 Executing safepoint VM operation: ParallelGCFailedAllocation (Allocation Failure)
Event: 2.453 Executing safepoint VM operation: ParallelGCFailedAllocation (Allocation Failure) done
Event: 3.456 Executing safepoint VM operation: Cleanup
Event: 3.456 Executing safepoint VM operation: Cleanup done
Event: 4.072 Executing non-safepoint VM operation: HandshakeAllThreads (Deoptimize)
Event: 4.073 Executing non-safepoint VM operation: HandshakeAllThreads (Deoptimize) done
Event: 4.091 Executing non-safepoint VM operation: HandshakeAllThreads (Deoptimize)
Event: 4.091 Executing non-safepoint VM operation: HandshakeAllThreads (Deoptimize) done
Event: 4.197 Executing non-safepoint VM operation: HandshakeAllThreads (Deoptimize)
Event: 4.197 Executing non-safepoint VM operation: HandshakeAllThreads (Deoptimize) done
Event: 4.223 Executing non-safepoint VM operation: HandshakeAllThreads (Deoptimize)
Event: 4.223 Executing non-safepoint VM operation: HandshakeAllThreads (Deoptimize) done

Memory protections (0 events):
No events

Nmethod flushes (0 events):
No events

Events (12 events):
Event: 0.052 Thread 0x000001ccdc46f060 Thread added: 0x000001ccdc46f060
Event: 0.090 Thread 0x000001ccdc46f060 Thread added: 0x000001ccf2e5a780
Event: 0.091 Thread 0x000001ccdc46f060 Thread added: 0x000001ccf2e5bff0
Event: 0.091 Thread 0x000001ccdc46f060 Thread added: 0x000001ccf2e60010
Event: 0.091 Thread 0x000001ccdc46f060 Thread added: 0x000001ccf2e60ee0
Event: 0.092 Thread 0x000001ccdc46f060 Thread added: 0x000001ccf2e69b60
Event: 0.092 Thread 0x000001ccdc46f060 Thread added: 0x000001ccf2e687b0
Event: 0.092 Thread 0x000001ccdc46f060 Thread added: 0x000001ccf2e70ee0
Event: 0.092 Thread 0x000001ccdc46f060 Thread added: 0x000001ccf2e71be0
Event: 0.274 Thread 0x000001ccdc46f060 Thread added: 0x000001ccf2e67a90
Event: 0.999 Thread 0x000001ccdc46f060 Thread added: 0x000001ccf2e67400
Event: 4.049 Thread 0x000001ccdc46f060 Thread added: 0x000001ccf2e68120


Dynamic libraries:
0x00007ff6bcd70000 - 0x00007ff6bcd7e000 	c:\Users\cynth\.vscode\extensions\redhat.java-1.54.0-win32-x64\jre\21.0.10-win32-x86_64\bin\java.exe
0x00007ff9ac900000 - 0x00007ff9acb09000 	C:\Windows\SYSTEM32\ntdll.dll
0x00007ff9ab650000 - 0x00007ff9ab70d000 	C:\Windows\System32\KERNEL32.DLL
0x00007ff9aa040000 - 0x00007ff9aa3c4000 	C:\Windows\System32\KERNELBASE.dll
0x00007ff9aa630000 - 0x00007ff9aa741000 	C:\Windows\System32\ucrtbase.dll
0x00007ff98bfe0000 - 0x00007ff98bff8000 	c:\Users\cynth\.vscode\extensions\redhat.java-1.54.0-win32-x64\jre\21.0.10-win32-x86_64\bin\jli.dll
0x00007ff9aae20000 - 0x00007ff9aafcd000 	C:\Windows\System32\USER32.dll
0x00007ff9aa3d0000 - 0x00007ff9aa3f6000 	C:\Windows\System32\win32u.dll
0x00007ff983fc0000 - 0x00007ff983fde000 	c:\Users\cynth\.vscode\extensions\redhat.java-1.54.0-win32-x64\jre\21.0.10-win32-x86_64\bin\VCRUNTIME140.dll
0x00007ff9abe70000 - 0x00007ff9abe9a000 	C:\Windows\System32\GDI32.dll
0x00007ff9a9f20000 - 0x00007ff9aa03e000 	C:\Windows\System32\gdi32full.dll
0x00007ff993a40000 - 0x00007ff993ce5000 	C:\Windows\WinSxS\amd64_microsoft.windows.common-controls_6595b64144ccf1df_6.0.22000.120_none_9d947278b86cc467\COMCTL32.dll
0x00007ff9a9e00000 - 0x00007ff9a9e9d000 	C:\Windows\System32\msvcp_win.dll
0x00007ff9ab160000 - 0x00007ff9ab203000 	C:\Windows\System32\msvcrt.dll
0x00007ff9ab870000 - 0x00007ff9ab8a1000 	C:\Windows\System32\IMM32.DLL
0x00007ff9a6d10000 - 0x00007ff9a6d1c000 	c:\Users\cynth\.vscode\extensions\redhat.java-1.54.0-win32-x64\jre\21.0.10-win32-x86_64\bin\vcruntime140_1.dll
0x00007ff95d1b0000 - 0x00007ff95d23d000 	c:\Users\cynth\.vscode\extensions\redhat.java-1.54.0-win32-x64\jre\21.0.10-win32-x86_64\bin\msvcp140.dll
0x00007ff904070000 - 0x00007ff904e11000 	c:\Users\cynth\.vscode\extensions\redhat.java-1.54.0-win32-x64\jre\21.0.10-win32-x86_64\bin\server\jvm.dll
0x00007ff9ac810000 - 0x00007ff9ac8be000 	C:\Windows\System32\ADVAPI32.dll
0x00007ff9aafd0000 - 0x00007ff9ab06e000 	C:\Windows\System32\sechost.dll
0x00007ff9ac670000 - 0x00007ff9ac791000 	C:\Windows\System32\RPCRT4.dll
0x00007ff9ac7a0000 - 0x00007ff9ac80f000 	C:\Windows\System32\WS2_32.dll
0x00007ff9a9bb0000 - 0x00007ff9a9bfd000 	C:\Windows\SYSTEM32\POWRPROF.dll
0x00007ff99b180000 - 0x00007ff99b18a000 	C:\Windows\SYSTEM32\VERSION.dll
0x00007ff9a2670000 - 0x00007ff9a26a3000 	C:\Windows\SYSTEM32\WINMM.dll
0x00007ff9a9aa0000 - 0x00007ff9a9ab3000 	C:\Windows\SYSTEM32\UMPDC.dll
0x00007ff9a8dc0000 - 0x00007ff9a8dd8000 	C:\Windows\SYSTEM32\kernel.appcore.dll
0x00007ff999120000 - 0x00007ff99912a000 	c:\Users\cynth\.vscode\extensions\redhat.java-1.54.0-win32-x64\jre\21.0.10-win32-x86_64\bin\jimage.dll
0x00007ff9a7740000 - 0x00007ff9a7961000 	C:\Windows\SYSTEM32\DBGHELP.DLL
0x00007ff99eb60000 - 0x00007ff99eb91000 	C:\Windows\SYSTEM32\dbgcore.DLL
0x00007ff9a9ea0000 - 0x00007ff9a9f1f000 	C:\Windows\System32\bcryptPrimitives.dll
0x00007ff996c10000 - 0x00007ff996c1f000 	c:\Users\cynth\.vscode\extensions\redhat.java-1.54.0-win32-x64\jre\21.0.10-win32-x86_64\bin\instrument.dll
0x00007ff983fa0000 - 0x00007ff983fc0000 	c:\Users\cynth\.vscode\extensions\redhat.java-1.54.0-win32-x64\jre\21.0.10-win32-x86_64\bin\java.dll
0x00007ff9abea0000 - 0x00007ff9ac665000 	C:\Windows\System32\SHELL32.dll
0x00007ff9a7e20000 - 0x00007ff9a8682000 	C:\Windows\SYSTEM32\windows.storage.dll
0x00007ff9aa8d0000 - 0x00007ff9aac46000 	C:\Windows\System32\combase.dll
0x00007ff9a7cb0000 - 0x00007ff9a7e17000 	C:\Windows\SYSTEM32\wintypes.dll
0x00007ff9ab780000 - 0x00007ff9ab86a000 	C:\Windows\System32\SHCORE.dll
0x00007ff9ab580000 - 0x00007ff9ab5dd000 	C:\Windows\System32\shlwapi.dll
0x00007ff9a9cc0000 - 0x00007ff9a9ce5000 	C:\Windows\SYSTEM32\profapi.dll
0x00007ff983f00000 - 0x00007ff983f18000 	c:\Users\cynth\.vscode\extensions\redhat.java-1.54.0-win32-x64\jre\21.0.10-win32-x86_64\bin\zip.dll
0x00007ff98e4f0000 - 0x00007ff98e500000 	C:\Users\cynth\.vscode\extensions\redhat.java-1.54.0-win32-x64\jre\21.0.10-win32-x86_64\bin\net.dll
0x00007ff9a2e20000 - 0x00007ff9a2f34000 	C:\Windows\SYSTEM32\WINHTTP.dll
0x00007ff9a9270000 - 0x00007ff9a92d7000 	C:\Windows\system32\mswsock.dll
0x00007ff983c40000 - 0x00007ff983c56000 	C:\Users\cynth\.vscode\extensions\redhat.java-1.54.0-win32-x64\jre\21.0.10-win32-x86_64\bin\nio.dll
0x00007ff983f90000 - 0x00007ff983fa0000 	c:\Users\cynth\.vscode\extensions\redhat.java-1.54.0-win32-x64\jre\21.0.10-win32-x86_64\bin\verify.dll

JVMTI agents:
c:\Users\cynth\.vscode\extensions\redhat.java-1.54.0-win32-x64\lombok\lombok-1.18.39-4050.jar path:c:\Users\cynth\.vscode\extensions\redhat.java-1.54.0-win32-x64\jre\21.0.10-win32-x86_64\bin\instrument.dll, loaded, initialized, instrumentlib options:none

dbghelp: loaded successfully - version: 4.0.5 - missing functions: none
symbol engine: initialized successfully - sym options: 0x614 - pdb path: .;c:\Users\cynth\.vscode\extensions\redhat.java-1.54.0-win32-x64\jre\21.0.10-win32-x86_64\bin;C:\Windows\SYSTEM32;C:\Windows\WinSxS\amd64_microsoft.windows.common-controls_6595b64144ccf1df_6.0.22000.120_none_9d947278b86cc467;c:\Users\cynth\.vscode\extensions\redhat.java-1.54.0-win32-x64\jre\21.0.10-win32-x86_64\bin\server

VM Arguments:
jvm_args: --add-modules=ALL-SYSTEM --add-opens=java.base/java.util=ALL-UNNAMED --add-opens=java.base/java.lang=ALL-UNNAMED --add-opens=java.base/sun.nio.fs=ALL-UNNAMED -Declipse.application=org.eclipse.jdt.ls.core.id1 -Dosgi.bundles.defaultStartLevel=4 -Declipse.product=org.eclipse.jdt.ls.core.product -Djava.import.generatesMetadataFilesAtProjectRoot=false -DDetectVMInstallationsJob.disabled=true -Dfile.encoding=utf8 -XX:+UseParallelGC -XX:GCTimeRatio=4 -XX:AdaptiveSizePolicyWeight=90 -Dsun.zip.disableMemoryMapping=true -Xmx2G -Xms100m -Xlog:disable -javaagent:c:\Users\cynth\.vscode\extensions\redhat.java-1.54.0-win32-x64\lombok\lombok-1.18.39-4050.jar -XX:+HeapDumpOnOutOfMemoryError -XX:HeapDumpPath=c:\Users\cynth\AppData\Roaming\Code\User\workspaceStorage\5601eb04a4fbb64c5ad333d9bd3e07ef\redhat.java -Daether.dependencyCollector.impl=bf 
java_command: c:\Users\cynth\.vscode\extensions\redhat.java-1.54.0-win32-x64\server\plugins\org.eclipse.equinox.launcher_1.7.100.v20251111-0406.jar -configuration c:\Users\cynth\AppData\Roaming\Code\User\globalStorage\redhat.java\1.54.0\config_win -data c:\Users\cynth\AppData\Roaming\Code\User\workspaceStorage\5601eb04a4fbb64c5ad333d9bd3e07ef\redhat.java\jdt_ws --pipe=\\.\pipe\lsp-9a011512c2b0c12b65cc6b8b5e0c2acf-sock
java_class_path (initial): c:\Users\cynth\.vscode\extensions\redhat.java-1.54.0-win32-x64\server\plugins\org.eclipse.equinox.launcher_1.7.100.v20251111-0406.jar
Launcher Type: SUN_STANDARD

[Global flags]
    uintx AdaptiveSizePolicyWeight                 = 90                                        {product} {command line}
     intx CICompilerCount                          = 3                                         {product} {ergonomic}
    uintx GCTimeRatio                              = 4                                         {product} {command line}
     bool HeapDumpOnOutOfMemoryError               = true                                   {manageable} {command line}
    ccstr HeapDumpPath                             = c:\Users\cynth\AppData\Roaming\Code\User\workspaceStorage\5601eb04a4fbb64c5ad333d9bd3e07ef\redhat.java         {manageable} {command line}
   size_t InitialHeapSize                          = 104857600                                 {product} {command line}
   size_t MaxHeapSize                              = 2147483648                                {product} {command line}
   size_t MaxNewSize                               = 715653120                                 {product} {ergonomic}
   size_t MinHeapDeltaBytes                        = 524288                                    {product} {ergonomic}
   size_t MinHeapSize                              = 104857600                                 {product} {command line}
   size_t NewSize                                  = 34603008                                  {product} {ergonomic}
    uintx NonNMethodCodeHeapSize                   = 5832780                                {pd product} {ergonomic}
    uintx NonProfiledCodeHeapSize                  = 122912730                              {pd product} {ergonomic}
   size_t OldSize                                  = 70254592                                  {product} {ergonomic}
    uintx ProfiledCodeHeapSize                     = 122912730                              {pd product} {ergonomic}
    uintx ReservedCodeCacheSize                    = 251658240                              {pd product} {ergonomic}
     bool SegmentedCodeCache                       = true                                      {product} {ergonomic}
   size_t SoftMaxHeapSize                          = 2147483648                             {manageable} {ergonomic}
     bool UseCompressedOops                        = true                           {product lp64_product} {ergonomic}
     bool UseLargePagesIndividualAllocation        = false                                  {pd product} {ergonomic}
     bool UseParallelGC                            = true                                      {product} {command line}

Logging:
Log output configuration:
 #0: stdout all=off uptime,level,tags foldmultilines=false
 #1: stderr all=off uptime,level,tags foldmultilines=false

Release file:
JAVA_VERSION="21.0.10" 
MODULES="java.base java.compiler java.datatransfer java.xml java.prefs java.desktop java.instrument java.logging java.management java.security.sasl java.naming java.rmi java.management.rmi java.net.http java.scripting java.security.jgss java.transaction.xa java.sql java.sql.rowset java.xml.crypto java.se java.smartcardio jdk.accessibility jdk.internal.jvmstat jdk.attach jdk.charsets jdk.internal.opt jdk.zipfs jdk.compiler jdk.crypto.ec jdk.crypto.cryptoki jdk.crypto.mscapi jdk.dynalink jdk.internal.ed jdk.editpad jdk.hotspot.agent jdk.httpserver jdk.internal.le jdk.internal.vm.ci jdk.internal.vm.compiler jdk.internal.vm.compiler.management jdk.jartool jdk.javadoc jdk.jcmd jdk.management jdk.management.agent jdk.jconsole jdk.jdeps jdk.jdwp.agent jdk.jdi jdk.jfr jdk.jshell jdk.jsobject jdk.jstatd jdk.localedata jdk.management.jfr jdk.naming.dns jdk.naming.rmi jdk.net jdk.nio.mapmode jdk.random jdk.sctp jdk.security.auth jdk.security.jgss jdk.unsupported jdk.unsupported.desktop jdk.xml.dom" 

Environment Variables:
PATH=C:\msys64\mingw64\bin;C:\Python314\Scripts\;C:\Python314\;C:\Windows\system32;C:\Windows;C:\Windows\System32\Wbem;C:\Windows\System32\WindowsPowerShell\v1.0\;C:\Windows\System32\OpenSSH\;C:\Program Files\Git\cmd;C:\Program Files\nodejs\;C:\ProgramData\chocolatey\bin;C:\OpenSSL-Win64;C:\Program Files\Eclipse Adoptium\jdk-25.0.1.8-hotspot\bin;C:\Program Files\Docker\Docker\resources\bin;C:\apache-maven-3.9.15\bin;C:\pgsql\bin\bin;C:\pgsql\bin;C:\sniffer\src;C:\Users\cynth\AppData\Local\Microsoft\WindowsApps;C:\Users\cynth\AppData\Local\Programs\Microsoft VS Code\bin;C:\Users\cynth\AppData\Roaming\npm;C:\msys64\mingw64\bin;C:\Users\cynth\AppData\Local\Microsoft\WinGet\Links;C:\Program Files\Docker\Docker\Docker Desktop;C:\bin
USERNAME=cynth
OS=Windows_NT
PROCESSOR_IDENTIFIER=Intel64 Family 6 Model 122 Stepping 8, GenuineIntel
TMP=C:\Users\cynth\AppData\Local\Temp
TEMP=C:\Users\cynth\AppData\Local\Temp




Periodic native trim disabled

---------------  S Y S T E M  ---------------

OS:
 Windows 11 , 64 bit Build 22000 (10.0.22000.2538)
OS uptime: 2 days 3:45 hours
Hyper-V role detected

CPU: total 4 (initial active 4) (4 cores per cpu, 1 threads per core) family 6 model 122 stepping 8 microcode 0x18, cx8, cmov, fxsr, mmx, 3dnowpref, sse, sse2, sse3, ssse3, sse4.1, sse4.2, popcnt, tsc, tscinvbit, aes, erms, clmul, sha, clflush, clflushopt, hv, rdtscp, rdpid
Processor Information for the first 4 processors :
  Max Mhz: 1101, Current Mhz: 1101, Mhz Limit: 1101

Memory: 4k page, system-wide physical 3918M (224M free)
TotalPageFile size 14015M (AvailPageFile size 324M)
current process WorkingSet (physical memory assigned to process): 84M, peak: 84M
current process commit charge ("private bytes"): 225M, peak: 225M

vm_info: OpenJDK 64-Bit Server VM (21.0.10+7-LTS) for windows-amd64 JRE (21.0.10+7-LTS), built on 2026-01-20T00:00:00Z by "admin" with MS VC++ 17.12 (VS2022)

END.
